-- MySQL dump 10.13  Distrib 5.7.27, for Linux (x86_64)
--
-- Host: localhost    Database: et
-- ------------------------------------------------------
-- Server version	5.7.27-0ubuntu0.18.04.1

/*!40101 SET @OLD_CHARACTER_SET_CLIENT=@@CHARACTER_SET_CLIENT */;
/*!40101 SET @OLD_CHARACTER_SET_RESULTS=@@CHARACTER_SET_RESULTS */;
/*!40101 SET @OLD_COLLATION_CONNECTION=@@COLLATION_CONNECTION */;
/*!40101 SET NAMES utf8 */;
/*!40103 SET @OLD_TIME_ZONE=@@TIME_ZONE */;
/*!40103 SET TIME_ZONE='+00:00' */;
/*!40014 SET @OLD_UNIQUE_CHECKS=@@UNIQUE_CHECKS, UNIQUE_CHECKS=0 */;
/*!40014 SET @OLD_FOREIGN_KEY_CHECKS=@@FOREIGN_KEY_CHECKS, FOREIGN_KEY_CHECKS=0 */;
/*!40101 SET @OLD_SQL_MODE=@@SQL_MODE, SQL_MODE='NO_AUTO_VALUE_ON_ZERO' */;
/*!40111 SET @OLD_SQL_NOTES=@@SQL_NOTES, SQL_NOTES=0 */;

--
-- Table structure for table `android_app_app`
--

DROP TABLE IF EXISTS `android_app_app`;
/*!40101 SET @saved_cs_client     = @@character_set_client */;
/*!40101 SET character_set_client = utf8 */;
CREATE TABLE `android_app_app` (
  `id` int(11) NOT NULL AUTO_INCREMENT,
  `name` varchar(256) NOT NULL,
  `log` varchar(256) NOT NULL,
  `link` varchar(200) NOT NULL,
  `version` int(11) NOT NULL,
  `flag` tinyint(1) NOT NULL,
  PRIMARY KEY (`id`)
) ENGINE=InnoDB DEFAULT CHARSET=latin1;
/*!40101 SET character_set_client = @saved_cs_client */;

--
-- Dumping data for table `android_app_app`
--

LOCK TABLES `android_app_app` WRITE;
/*!40000 ALTER TABLE `android_app_app` DISABLE KEYS */;
/*!40000 ALTER TABLE `android_app_app` ENABLE KEYS */;
UNLOCK TABLES;

--
-- Table structure for table `auth_group`
--

DROP TABLE IF EXISTS `auth_group`;
/*!40101 SET @saved_cs_client     = @@character_set_client */;
/*!40101 SET character_set_client = utf8 */;
CREATE TABLE `auth_group` (
  `id` int(11) NOT NULL AUTO_INCREMENT,
  `name` varchar(150) NOT NULL,
  PRIMARY KEY (`id`),
  UNIQUE KEY `name` (`name`)
) ENGINE=InnoDB DEFAULT CHARSET=latin1;
/*!40101 SET character_set_client = @saved_cs_client */;

--
-- Dumping data for table `auth_group`
--

LOCK TABLES `auth_group` WRITE;
/*!40000 ALTER TABLE `auth_group` DISABLE KEYS */;
/*!40000 ALTER TABLE `auth_group` ENABLE KEYS */;
UNLOCK TABLES;

--
-- Table structure for table `auth_group_permissions`
--

DROP TABLE IF EXISTS `auth_group_permissions`;
/*!40101 SET @saved_cs_client     = @@character_set_client */;
/*!40101 SET character_set_client = utf8 */;
CREATE TABLE `auth_group_permissions` (
  `id` int(11) NOT NULL AUTO_INCREMENT,
  `group_id` int(11) NOT NULL,
  `permission_id` int(11) NOT NULL,
  PRIMARY KEY (`id`),
  UNIQUE KEY `auth_group_permissions_group_id_permission_id_0cd325b0_uniq` (`group_id`,`permission_id`),
  KEY `auth_group_permissio_permission_id_84c5c92e_fk_auth_perm` (`permission_id`),
  CONSTRAINT `auth_group_permissio_permission_id_84c5c92e_fk_auth_perm` FOREIGN KEY (`permission_id`) REFERENCES `auth_permission` (`id`),
  CONSTRAINT `auth_group_permissions_group_id_b120cbf9_fk_auth_group_id` FOREIGN KEY (`group_id`) REFERENCES `auth_group` (`id`)
) ENGINE=InnoDB DEFAULT CHARSET=latin1;
/*!40101 SET character_set_client = @saved_cs_client */;

--
-- Dumping data for table `auth_group_permissions`
--

LOCK TABLES `auth_group_permissions` WRITE;
/*!40000 ALTER TABLE `auth_group_permissions` DISABLE KEYS */;
/*!40000 ALTER TABLE `auth_group_permissions` ENABLE KEYS */;
UNLOCK TABLES;

--
-- Table structure for table `auth_permission`
--

DROP TABLE IF EXISTS `auth_permission`;
/*!40101 SET @saved_cs_client     = @@character_set_client */;
/*!40101 SET character_set_client = utf8 */;
CREATE TABLE `auth_permission` (
  `id` int(11) NOT NULL AUTO_INCREMENT,
  `name` varchar(255) NOT NULL,
  `content_type_id` int(11) NOT NULL,
  `codename` varchar(100) NOT NULL,
  PRIMARY KEY (`id`),
  UNIQUE KEY `auth_permission_content_type_id_codename_01ab375a_uniq` (`content_type_id`,`codename`),
  CONSTRAINT `auth_permission_content_type_id_2f476e4b_fk_django_co` FOREIGN KEY (`content_type_id`) REFERENCES `django_content_type` (`id`)
) ENGINE=InnoDB AUTO_INCREMENT=65 DEFAULT CHARSET=latin1;
/*!40101 SET character_set_client = @saved_cs_client */;

--
-- Dumping data for table `auth_permission`
--

LOCK TABLES `auth_permission` WRITE;
/*!40000 ALTER TABLE `auth_permission` DISABLE KEYS */;
INSERT INTO `auth_permission` VALUES (1,'Can add log entry',1,'add_logentry'),(2,'Can change log entry',1,'change_logentry'),(3,'Can delete log entry',1,'delete_logentry'),(4,'Can view log entry',1,'view_logentry'),(5,'Can add permission',2,'add_permission'),(6,'Can change permission',2,'change_permission'),(7,'Can delete permission',2,'delete_permission'),(8,'Can view permission',2,'view_permission'),(9,'Can add group',3,'add_group'),(10,'Can change group',3,'change_group'),(11,'Can delete group',3,'delete_group'),(12,'Can view group',3,'view_group'),(13,'Can add content type',4,'add_contenttype'),(14,'Can change content type',4,'change_contenttype'),(15,'Can delete content type',4,'delete_contenttype'),(16,'Can view content type',4,'view_contenttype'),(17,'Can add session',5,'add_session'),(18,'Can change session',5,'change_session'),(19,'Can delete session',5,'delete_session'),(20,'Can view session',5,'view_session'),(21,'Can add ECellUser',6,'add_customuser'),(22,'Can change ECellUser',6,'change_customuser'),(23,'Can delete ECellUser',6,'delete_customuser'),(24,'Can view ECellUser',6,'view_customuser'),(25,'Can add campus ambassador profile',7,'add_campusambassadorprofile'),(26,'Can change campus ambassador profile',7,'change_campusambassadorprofile'),(27,'Can delete campus ambassador profile',7,'delete_campusambassadorprofile'),(28,'Can view campus ambassador profile',7,'view_campusambassadorprofile'),(29,'Can add event',8,'add_event'),(30,'Can change event',8,'change_event'),(31,'Can delete event',8,'delete_event'),(32,'Can view event',8,'view_event'),(33,'Can add event register',9,'add_eventregister'),(34,'Can change event register',9,'change_eventregister'),(35,'Can delete event register',9,'delete_eventregister'),(36,'Can view event register',9,'view_eventregister'),(37,'Can add sponsor',10,'add_sponsor'),(38,'Can change sponsor',10,'change_sponsor'),(39,'Can delete sponsor',10,'delete_sponsor'),(40,'Can view sponsor',10,'view_sponsor'),(41,'Can add mentor',11,'add_mentor'),(42,'Can change mentor',11,'change_mentor'),(43,'Can delete mentor',11,'delete_mentor'),(44,'Can view mentor',11,'view_mentor'),(45,'Can add startup',12,'add_startup'),(46,'Can change startup',12,'change_startup'),(47,'Can delete startup',12,'delete_startup'),(48,'Can view startup',12,'view_startup'),(49,'Can add member',13,'add_member'),(50,'Can change member',13,'change_member'),(51,'Can delete member',13,'delete_member'),(52,'Can view member',13,'view_member'),(53,'Can add speaker',14,'add_speaker'),(54,'Can change speaker',14,'change_speaker'),(55,'Can delete speaker',14,'delete_speaker'),(56,'Can view speaker',14,'view_speaker'),(57,'Can add app',15,'add_app'),(58,'Can change app',15,'change_app'),(59,'Can delete app',15,'delete_app'),(60,'Can view app',15,'view_app'),(61,'Can add c a_ requests',16,'add_ca_requests'),(62,'Can change c a_ requests',16,'change_ca_requests'),(63,'Can delete c a_ requests',16,'delete_ca_requests'),(64,'Can view c a_ requests',16,'view_ca_requests');
/*!40000 ALTER TABLE `auth_permission` ENABLE KEYS */;
UNLOCK TABLES;

--
-- Table structure for table `ca_portal_ca_requests`
--

DROP TABLE IF EXISTS `ca_portal_ca_requests`;
/*!40101 SET @saved_cs_client     = @@character_set_client */;
/*!40101 SET character_set_client = utf8 */;
CREATE TABLE `ca_portal_ca_requests` (
  `id` int(11) NOT NULL AUTO_INCREMENT,
  `screenshot` varchar(100) NOT NULL,
  `social_platform` varchar(2) NOT NULL,
  `status_flag` int(11) NOT NULL,
  `user_id` int(11) DEFAULT NULL,
  PRIMARY KEY (`id`),
  KEY `ca_portal_ca_requests_user_id_54b4058b_fk_users_customuser_id` (`user_id`),
  CONSTRAINT `ca_portal_ca_requests_user_id_54b4058b_fk_users_customuser_id` FOREIGN KEY (`user_id`) REFERENCES `users_customuser` (`id`)
) ENGINE=InnoDB DEFAULT CHARSET=latin1;
/*!40101 SET character_set_client = @saved_cs_client */;

--
-- Dumping data for table `ca_portal_ca_requests`
--

LOCK TABLES `ca_portal_ca_requests` WRITE;
/*!40000 ALTER TABLE `ca_portal_ca_requests` DISABLE KEYS */;
/*!40000 ALTER TABLE `ca_portal_ca_requests` ENABLE KEYS */;
UNLOCK TABLES;

--
-- Table structure for table `django_admin_log`
--

DROP TABLE IF EXISTS `django_admin_log`;
/*!40101 SET @saved_cs_client     = @@character_set_client */;
/*!40101 SET character_set_client = utf8 */;
CREATE TABLE `django_admin_log` (
  `id` int(11) NOT NULL AUTO_INCREMENT,
  `action_time` datetime(6) NOT NULL,
  `object_id` longtext,
  `object_repr` varchar(200) NOT NULL,
  `action_flag` smallint(5) unsigned NOT NULL,
  `change_message` longtext NOT NULL,
  `content_type_id` int(11) DEFAULT NULL,
  `user_id` int(11) NOT NULL,
  PRIMARY KEY (`id`),
  KEY `django_admin_log_content_type_id_c4bce8eb_fk_django_co` (`content_type_id`),
  KEY `django_admin_log_user_id_c564eba6_fk_users_customuser_id` (`user_id`),
  CONSTRAINT `django_admin_log_content_type_id_c4bce8eb_fk_django_co` FOREIGN KEY (`content_type_id`) REFERENCES `django_content_type` (`id`),
  CONSTRAINT `django_admin_log_user_id_c564eba6_fk_users_customuser_id` FOREIGN KEY (`user_id`) REFERENCES `users_customuser` (`id`)
) ENGINE=InnoDB AUTO_INCREMENT=846 DEFAULT CHARSET=latin1;
/*!40101 SET character_set_client = @saved_cs_client */;

--
-- Dumping data for table `django_admin_log`
--

LOCK TABLES `django_admin_log` WRITE;
/*!40000 ALTER TABLE `django_admin_log` DISABLE KEYS */;
INSERT INTO `django_admin_log` VALUES (1,'2019-07-26 12:52:59.856083','15','Saavn',3,'',10,1),(2,'2019-07-26 12:53:00.248113','14','Resonance',3,'',10,1),(3,'2019-07-26 12:53:00.501748','13','The Music Cafe',3,'',10,1),(4,'2019-07-26 12:53:01.161642','12','Infibeam.com',3,'',10,1),(5,'2019-07-26 12:53:01.344506','11','Veg Centre',3,'',10,1),(6,'2019-07-26 12:53:01.520867','10','OYO Rooms',3,'',10,1),(7,'2019-07-26 12:53:01.636827','9','94.3 My FM',3,'',10,1),(8,'2019-07-26 12:53:01.763865','8','36Inc',3,'',10,1),(9,'2019-07-26 12:53:01.879990','7','Think Raipur',3,'',10,1),(10,'2019-07-26 12:53:02.006856','6','Chhattisgarh Tourism',3,'',10,1),(11,'2019-07-26 12:53:02.133688','5','Bank Of Maharashtra',3,'',10,1),(12,'2019-07-26 12:53:02.260955','4','Department of Women & Child Development',3,'',10,1),(13,'2019-07-26 12:53:02.388010','3','Department of Women & Child Development',3,'',10,1),(14,'2019-07-26 12:53:02.514961','2','36Inc',3,'',10,1),(15,'2019-07-26 12:53:02.642123','1','Department of Women & Child Development',3,'',10,1),(16,'2019-07-26 12:58:32.299043','32','The College Fever',3,'',10,1),(17,'2019-07-26 12:58:32.524241','31','Meenakshi\'s Salon and Academy',3,'',10,1),(18,'2019-07-26 12:58:32.651225','30','Saavn',3,'',10,1),(19,'2019-07-26 12:58:32.778020','29','Resonance',3,'',10,1),(20,'2019-07-26 12:58:33.181619','28','The Music Cafe',3,'',10,1),(21,'2019-07-26 12:58:33.308975','27','Infibeam.com',3,'',10,1),(22,'2019-07-26 12:58:33.446839','26','Veg Centre',3,'',10,1),(23,'2019-07-26 12:58:33.573682','25','OYO Rooms',3,'',10,1),(24,'2019-07-26 12:58:33.700949','24','94.3 My FM',3,'',10,1),(25,'2019-07-26 12:58:33.827906','23','36Inc',3,'',10,1),(26,'2019-07-26 12:58:33.955026','22','Think Raipur',3,'',10,1),(27,'2019-07-26 12:58:34.093193','21','Chhattisgarh Tourism',3,'',10,1),(28,'2019-07-26 12:58:34.220239','20','Bank Of Maharashtra',3,'',10,1),(29,'2019-07-26 12:58:34.347283','19','Department of Women & Child Development',3,'',10,1),(30,'2019-07-26 12:58:34.474181','18','Department of Women & Child Development',3,'',10,1),(31,'2019-07-26 12:58:34.601155','17','36Inc',3,'',10,1),(32,'2019-07-26 12:58:34.806958','16','Department of Women & Child Development',3,'',10,1),(33,'2019-07-26 13:37:49.252967','11','INNOVATION EXPO',3,'',8,1),(34,'2019-07-26 13:37:49.484029','10','B Model',3,'',8,1),(35,'2019-07-26 13:37:49.611257','9','B-Case Study',3,'',8,1),(36,'2019-07-26 13:37:49.738260','8','E-Gathering',3,'',8,1),(37,'2019-07-26 13:37:49.865462','7','ENTROPY',3,'',8,1),(38,'2019-07-26 13:37:49.992223','6','UTKRISHTH',3,'',8,1),(39,'2019-07-26 13:37:50.362586','5','WALLSTREET',3,'',8,1),(40,'2019-07-26 13:37:50.489481','4','B-QUIZ',3,'',8,1),(41,'2019-07-26 13:37:50.616629','3','CRICNOMETRICA',3,'',8,1),(42,'2019-07-26 13:37:50.743716','2','START-UP CAMP',3,'',8,1),(43,'2019-07-26 13:37:50.870761','1','IGNITION',3,'',8,1),(44,'2019-07-27 09:35:17.182297','129','Think Raipur',3,'',10,1),(45,'2019-07-27 09:35:17.547272','128','Chhattisgarh Tourism',3,'',10,1),(46,'2019-07-27 09:35:17.674388','127','Bank Of Maharashtra',3,'',10,1),(47,'2019-07-27 09:35:17.812578','126','Department of Women & Child Development',3,'',10,1),(48,'2019-07-27 09:35:17.939562','125','Department of Women & Child Development',3,'',10,1),(49,'2019-07-27 09:35:18.066663','124','36Inc',3,'',10,1),(50,'2019-07-27 09:35:18.193504','123','Department of Women & Child Development',3,'',10,1),(51,'2019-07-27 09:35:18.585815','122','Benchmark Group',3,'',10,1),(52,'2019-07-27 09:35:18.712911','121','ACB India Limited',3,'',10,1),(53,'2019-07-27 09:35:18.918715','120','IBC 24',3,'',10,1),(54,'2019-07-27 09:35:19.055884','119','Your Story',3,'',10,1),(55,'2019-07-27 09:35:19.182766','118','It\'s Me Cafe',3,'',10,1),(56,'2019-07-27 09:35:19.309862','117','Moshik\'s',3,'',10,1),(57,'2019-07-27 09:35:19.437049','116','Eyedea',3,'',10,1),(58,'2019-07-27 09:35:19.564038','115','Hello Intern',3,'',10,1),(59,'2019-07-27 09:35:19.690993','114','Celebration Group',3,'',10,1),(60,'2019-07-27 09:35:19.829153','113','Hotel Aditya',3,'',10,1),(61,'2019-07-27 09:35:19.956267','112','Hotel Maurya',3,'',10,1),(62,'2019-07-27 09:35:20.083267','111','The Signage',3,'',10,1),(63,'2019-07-27 09:35:20.210297','110','Interview Street',3,'',10,1),(64,'2019-07-27 09:35:20.337303','109','Appu Sweets',3,'',10,1),(65,'2019-07-27 09:35:20.464430','108','Your Story',3,'',10,1),(66,'2019-07-27 09:35:20.591468','107','Senov Tech',3,'',10,1),(67,'2019-07-27 09:35:20.729600','106','Sam\'s Kreations',3,'',10,1),(68,'2019-07-27 09:35:20.856656','105','Blooms And Grooms',3,'',10,1),(69,'2019-07-27 09:35:20.983635','104','The Trohpy House',3,'',10,1),(70,'2019-07-27 09:35:21.110693','103','Seeta Travels',3,'',10,1),(71,'2019-07-27 09:35:21.237659','102','HEADSTART',3,'',10,1),(72,'2019-07-27 09:35:21.364713','101','MOBILE10x',3,'',10,1),(73,'2019-07-27 09:35:21.491799','100','AB Classes',3,'',10,1),(74,'2019-07-27 09:35:21.629996','99','ATKT.IN',3,'',10,1),(75,'2019-07-27 09:35:21.757040','98','Vennington Court',3,'',10,1),(76,'2019-07-27 09:35:21.884033','97','Lasting Impressions',3,'',10,1),(77,'2019-07-27 09:35:22.011087','96','Samishu',3,'',10,1),(78,'2019-07-27 09:35:22.217160','95','Goose Burps',3,'',10,1),(79,'2019-07-27 09:35:22.469911','94','Souled Store',3,'',10,1),(80,'2019-07-27 09:35:22.641366','93','Shri Krishna IAS',3,'',10,1),(81,'2019-07-27 09:35:22.768395','92','qM Print',3,'',10,1),(82,'2019-07-27 09:35:22.996802','91','Benchmark Group',3,'',10,1),(83,'2019-07-27 09:35:23.171857','90','Sky Ventures',3,'',10,1),(84,'2019-07-27 09:35:23.298911','89','Zebronics',3,'',10,1),(85,'2019-07-27 09:35:23.425694','88','Happily Unmarried',3,'',10,1),(86,'2019-07-27 09:35:23.552949','87','RiON',3,'',10,1),(87,'2019-07-27 09:35:23.679952','86','Raipur Development Authority',3,'',10,1),(88,'2019-07-27 09:35:23.818021','85','Sams Pizza',3,'',10,1),(89,'2019-07-27 09:35:23.945105','84','Zoodify',3,'',10,1),(90,'2019-07-27 09:35:24.072238','83','Venture Catalysts',3,'',10,1),(91,'2019-07-27 09:35:24.199305','82','Chhattisgarh Tourism',3,'',10,1),(92,'2019-07-27 09:35:24.326301','81','My FM 94.3',3,'',10,1),(93,'2019-07-27 09:35:24.453126','80','Pagal Guy',3,'',10,1),(94,'2019-07-27 09:35:24.580390','79','Career Launcher',3,'',10,1),(95,'2019-07-27 09:35:24.707429','78','Shopper\'s Stop',3,'',10,1),(96,'2019-07-27 09:35:24.834442','77','PT Education',3,'',10,1),(97,'2019-07-27 09:35:25.062932','76','IndiaMart',3,'',10,1),(98,'2019-07-27 09:35:25.210813','75','Hello Intern',3,'',10,1),(99,'2019-07-27 09:35:25.348897','74','Dev Creator\'s of Memories',3,'',10,1),(100,'2019-07-27 09:35:25.475690','73','Nai Dunia',3,'',10,1),(101,'2019-07-27 09:35:25.602972','72','YourStory',3,'',10,1),(102,'2019-07-27 09:35:25.729942','71','Vedam Spa & Salon',3,'',10,1),(103,'2019-07-27 09:35:25.868099','70','ATKT.IN',3,'',10,1),(104,'2019-07-27 09:35:25.995195','69','Oyo Rooms',3,'',10,1),(105,'2019-07-27 09:35:26.144444','68','CHIPS',3,'',10,1),(106,'2019-07-27 09:35:26.282619','67','CSIDC',3,'',10,1),(107,'2019-07-27 09:35:26.420719','66','TheHitavada',3,'',10,1),(108,'2019-07-27 09:35:26.603312','65','Lalganga Colors Mall',3,'',10,1),(109,'2019-07-27 09:35:26.785954','64','Avinash Group',3,'',10,1),(110,'2019-07-27 09:35:26.924077','63','CHIPS Chhattisgarh',3,'',10,1),(111,'2019-07-27 09:35:27.084469','62','Orange Le Spirit Cafe',3,'',10,1),(112,'2019-07-27 09:35:27.222627','61','WILLMAN',3,'',10,1),(113,'2019-07-27 09:35:27.384194','60','The Trophy House',3,'',10,1),(114,'2019-07-27 09:35:27.509898','59','T.I.M.E',3,'',10,1),(115,'2019-07-27 09:35:27.647952','58','ZONE',3,'',10,1),(116,'2019-07-27 09:35:27.763908','57','IBC 24',3,'',10,1),(117,'2019-07-27 09:35:27.902115','56','Chhattisgarh Tourism',3,'',10,1),(118,'2019-07-27 09:35:28.040252','55','CSPDCL',3,'',10,1),(119,'2019-07-27 09:35:28.167330','54','Bisleri Fonzo',3,'',10,1),(120,'2019-07-27 09:35:28.305480','53','Hotel Babylon International',3,'',10,1),(121,'2019-07-27 09:35:28.432462','52','INH News',3,'',10,1),(122,'2019-07-27 09:35:28.580035','51','Konsole Group',3,'',10,1),(123,'2019-07-27 09:35:28.762833','50','TRIPPY',3,'',10,1),(124,'2019-07-27 09:35:28.938835','49','The College Fever',3,'',10,1),(125,'2019-07-27 09:35:29.211738','48','Meenakshi\'s Salon and Academy',3,'',10,1),(126,'2019-07-27 09:35:29.488803','47','Saavn',3,'',10,1),(127,'2019-07-27 09:35:29.870084','46','Resonance',3,'',10,1),(128,'2019-07-27 09:35:29.997020','45','The Music Cafe',3,'',10,1),(129,'2019-07-27 09:35:30.124041','44','Infibeam.com',3,'',10,1),(130,'2019-07-27 09:35:30.251111','43','Veg Centre',3,'',10,1),(131,'2019-07-27 09:35:30.378107','42','OYO Rooms',3,'',10,1),(132,'2019-07-27 09:35:30.505075','41','94.3 My FM',3,'',10,1),(133,'2019-07-27 09:35:30.632163','40','36Inc',3,'',10,1),(134,'2019-07-27 09:35:30.759007','39','Think Raipur',3,'',10,1),(135,'2019-07-27 09:35:30.886209','38','Chhattisgarh Tourism',3,'',10,1),(136,'2019-07-27 09:35:31.013154','37','Bank Of Maharashtra',3,'',10,1),(137,'2019-07-27 09:35:31.140164','36','Department of Women & Child Development',3,'',10,1),(138,'2019-07-27 09:35:31.256140','35','Department of Women & Child Development',3,'',10,1),(139,'2019-07-27 09:35:31.383191','34','36Inc',3,'',10,1),(140,'2019-07-27 09:35:31.521227','33','Department of Women & Child Development',3,'',10,1),(141,'2019-07-27 10:24:34.833888','309','Benchmark Group',3,'',10,1),(142,'2019-07-27 10:24:35.043771','308','ACB India Limited',3,'',10,1),(143,'2019-07-27 10:24:35.402191','307','IBC 24',3,'',10,1),(144,'2019-07-27 10:24:35.518577','306','Your Story',3,'',10,1),(145,'2019-07-27 10:24:35.645553','305','It\'s Me Cafe',3,'',10,1),(146,'2019-07-27 10:24:35.761384','304','Moshik\'s',3,'',10,1),(147,'2019-07-27 10:24:35.888395','303','Eyedea',3,'',10,1),(148,'2019-07-27 10:24:36.015907','302','Hello Intern',3,'',10,1),(149,'2019-07-27 10:24:36.370080','301','Celebration Group',3,'',10,1),(150,'2019-07-27 10:24:36.601726','300','Benchmark Group',3,'',10,1),(151,'2019-07-27 10:24:36.741866','299','Hotel Aditya',3,'',10,1),(152,'2019-07-27 10:24:36.973344','298','ACB India Limited',3,'',10,1),(153,'2019-07-27 10:24:37.145251','297','Hotel Maurya',3,'',10,1),(154,'2019-07-27 10:24:37.475306','296','IBC 24',3,'',10,1),(155,'2019-07-27 10:24:37.602538','295','The Signage',3,'',10,1),(156,'2019-07-27 10:24:37.718229','294','Your Story',3,'',10,1),(157,'2019-07-27 10:24:37.833939','293','Interview Street',3,'',10,1),(158,'2019-07-27 10:24:37.950245','292','It\'s Me Cafe',3,'',10,1),(159,'2019-07-27 10:24:38.088259','291','Appu Sweets',3,'',10,1),(160,'2019-07-27 10:24:38.215063','290','Moshik\'s',3,'',10,1),(161,'2019-07-27 10:24:38.331302','289','Your Story',3,'',10,1),(162,'2019-07-27 10:24:38.469715','288','Eyedea',3,'',10,1),(163,'2019-07-27 10:24:38.583581','287','Senov Tech',3,'',10,1),(164,'2019-07-27 10:24:38.699468','286','Hello Intern',3,'',10,1),(165,'2019-07-27 10:24:38.815386','285','Sam\'s Kreations',3,'',10,1),(166,'2019-07-27 10:24:38.931327','284','Celebration Group',3,'',10,1),(167,'2019-07-27 10:24:39.047217','283','Blooms And Grooms',3,'',10,1),(168,'2019-07-27 10:24:39.162943','282','Hotel Aditya',3,'',10,1),(169,'2019-07-27 10:24:39.279146','281','The Trohpy House',3,'',10,1),(170,'2019-07-27 10:24:39.394680','280','Hotel Maurya',3,'',10,1),(171,'2019-07-27 10:24:39.510976','279','Seeta Travels',3,'',10,1),(172,'2019-07-27 10:24:39.762375','278','The Signage',3,'',10,1),(173,'2019-07-27 10:24:39.878535','277','HEADSTART',3,'',10,1),(174,'2019-07-27 10:24:39.994446','276','Interview Street',3,'',10,1),(175,'2019-07-27 10:24:40.110371','275','MOBILE10x',3,'',10,1),(176,'2019-07-27 10:24:40.226254','274','Appu Sweets',3,'',10,1),(177,'2019-07-27 10:24:40.342108','273','AB Classes',3,'',10,1),(178,'2019-07-27 10:24:40.458126','272','Your Story',3,'',10,1),(179,'2019-07-27 10:24:40.574823','271','ATKT.IN',3,'',10,1),(180,'2019-07-27 10:24:40.805802','270','Senov Tech',3,'',10,1),(181,'2019-07-27 10:24:41.026525','269','Vennington Court',3,'',10,1),(182,'2019-07-27 10:24:41.186981','268','Sam\'s Kreations',3,'',10,1),(183,'2019-07-27 10:24:41.352014','267','Lasting Impressions',3,'',10,1),(184,'2019-07-27 10:24:41.467751','266','Blooms And Grooms',3,'',10,1),(185,'2019-07-27 10:24:41.584012','265','Samishu',3,'',10,1),(186,'2019-07-27 10:24:41.699542','264','The Trohpy House',3,'',10,1),(187,'2019-07-27 10:24:41.815554','263','Goose Burps',3,'',10,1),(188,'2019-07-27 10:24:41.931942','262','Seeta Travels',3,'',10,1),(189,'2019-07-27 10:24:42.047410','261','Souled Store',3,'',10,1),(190,'2019-07-27 10:24:42.163335','260','HEADSTART',3,'',10,1),(191,'2019-07-27 10:24:42.279558','259','Shri Krishna IAS',3,'',10,1),(192,'2019-07-27 10:24:42.406304','258','MOBILE10x',3,'',10,1),(193,'2019-07-27 10:24:42.522024','257','qM Print',3,'',10,1),(194,'2019-07-27 10:24:42.638132','256','AB Classes',3,'',10,1),(195,'2019-07-27 10:24:42.754073','255','Benchmark Group',3,'',10,1),(196,'2019-07-27 10:24:42.869994','254','ATKT.IN',3,'',10,1),(197,'2019-07-27 10:24:42.985791','253','Sky Ventures',3,'',10,1),(198,'2019-07-27 10:24:43.101868','252','Vennington Court',3,'',10,1),(199,'2019-07-27 10:24:43.217421','251','Zebronics',3,'',10,1),(200,'2019-07-27 10:24:43.333584','250','Lasting Impressions',3,'',10,1),(201,'2019-07-27 10:24:43.449602','249','Happily Unmarried',3,'',10,1),(202,'2019-07-27 10:24:43.565088','248','Samishu',3,'',10,1),(203,'2019-07-27 10:24:43.681301','247','RiON',3,'',10,1),(204,'2019-07-27 10:24:43.797714','246','Goose Burps',3,'',10,1),(205,'2019-07-27 10:24:43.913113','245','Raipur Development Authority',3,'',10,1),(206,'2019-07-27 10:24:44.040635','244','Souled Store',3,'',10,1),(207,'2019-07-27 10:24:44.156014','243','Sams Pizza',3,'',10,1),(208,'2019-07-27 10:24:44.272195','242','Shri Krishna IAS',3,'',10,1),(209,'2019-07-27 10:24:44.388408','241','Zoodify',3,'',10,1),(210,'2019-07-27 10:24:44.503542','240','qM Print',3,'',10,1),(211,'2019-07-27 10:24:44.687330','239','Venture Catalysts',3,'',10,1),(212,'2019-07-27 10:24:44.802035','238','Benchmark Group',3,'',10,1),(213,'2019-07-27 10:24:45.034080','237','Chhattisgarh Tourism',3,'',10,1),(214,'2019-07-27 10:24:45.149977','236','Sky Ventures',3,'',10,1),(215,'2019-07-27 10:24:45.265854','235','My FM 94.3',3,'',10,1),(216,'2019-07-27 10:24:45.381797','234','Zebronics',3,'',10,1),(217,'2019-07-27 10:24:45.497662','233','Pagal Guy',3,'',10,1),(218,'2019-07-27 10:24:45.613331','232','Happily Unmarried',3,'',10,1),(219,'2019-07-27 10:24:45.729484','231','Career Launcher',3,'',10,1),(220,'2019-07-27 10:24:45.845437','230','RiON',3,'',10,1),(221,'2019-07-27 10:24:45.961282','229','Shopper\'s Stop',3,'',10,1),(222,'2019-07-27 10:24:46.077287','228','Raipur Development Authority',3,'',10,1),(223,'2019-07-27 10:24:46.193154','227','PT Education',3,'',10,1),(224,'2019-07-27 10:24:46.309064','226','Sams Pizza',3,'',10,1),(225,'2019-07-27 10:24:46.425007','225','IndiaMart',3,'',10,1),(226,'2019-07-27 10:24:46.540909','224','Zoodify',3,'',10,1),(227,'2019-07-27 10:24:46.667713','223','Hello Intern',3,'',10,1),(228,'2019-07-27 10:24:46.783839','222','Venture Catalysts',3,'',10,1),(229,'2019-07-27 10:24:46.989953','221','Dev Creator\'s of Memories',3,'',10,1),(230,'2019-07-27 10:24:47.115689','220','Chhattisgarh Tourism',3,'',10,1),(231,'2019-07-27 10:24:47.231340','219','Nai Dunia',3,'',10,1),(232,'2019-07-27 10:24:47.347303','218','My FM 94.3',3,'',10,1),(233,'2019-07-27 10:24:47.463351','217','Pagal Guy',3,'',10,1),(234,'2019-07-27 10:24:47.579399','216','YourStory',3,'',10,1),(235,'2019-07-27 10:24:47.695196','215','Career Launcher',3,'',10,1),(236,'2019-07-27 10:24:47.811070','214','Vedam Spa & Salon',3,'',10,1),(237,'2019-07-27 10:24:47.927077','213','Shopper\'s Stop',3,'',10,1),(238,'2019-07-27 10:24:48.110710','212','ATKT.IN',3,'',10,1),(239,'2019-07-27 10:24:48.506794','211','PT Education',3,'',10,1),(240,'2019-07-27 10:24:48.622758','210','Oyo Rooms',3,'',10,1),(241,'2019-07-27 10:25:34.829582','209','IndiaMart',3,'',10,1),(242,'2019-07-27 10:25:35.054953','208','CHIPS',3,'',10,1),(243,'2019-07-27 10:25:35.260408','207','Hello Intern',3,'',10,1),(244,'2019-07-27 10:25:35.591624','206','CSIDC',3,'',10,1),(245,'2019-07-27 10:25:35.856969','205','Dev Creator\'s of Memories',3,'',10,1),(246,'2019-07-27 10:25:35.972717','204','TheHitavada',3,'',10,1),(247,'2019-07-27 10:25:36.178489','203','Nai Dunia',3,'',10,1),(248,'2019-07-27 10:25:36.432542','202','Lalganga Colors Mall',3,'',10,1),(249,'2019-07-27 10:25:36.685773','201','YourStory',3,'',10,1),(250,'2019-07-27 10:25:36.837439','200','Avinash Group',3,'',10,1),(251,'2019-07-27 10:25:37.136054','199','Vedam Spa & Salon',3,'',10,1),(252,'2019-07-27 10:25:37.488638','198','CHIPS Chhattisgarh',3,'',10,1),(253,'2019-07-27 10:25:37.615595','197','ATKT.IN',3,'',10,1),(254,'2019-07-27 10:25:37.742603','196','Orange Le Spirit Cafe',3,'',10,1),(255,'2019-07-27 10:25:37.869764','195','Oyo Rooms',3,'',10,1),(256,'2019-07-27 10:25:37.996721','194','WILLMAN',3,'',10,1),(257,'2019-07-27 10:25:38.123837','193','CHIPS',3,'',10,1),(258,'2019-07-27 10:25:38.631952','192','The Trophy House',3,'',10,1),(259,'2019-07-27 10:25:38.758905','191','CSIDC',3,'',10,1),(260,'2019-07-27 10:25:38.886075','190','T.I.M.E',3,'',10,1),(261,'2019-07-27 10:25:39.013169','189','TheHitavada',3,'',10,1),(262,'2019-07-27 10:25:39.394173','188','ZONE',3,'',10,1),(263,'2019-07-27 10:25:39.521286','187','Lalganga Colors Mall',3,'',10,1),(264,'2019-07-27 10:25:39.659380','186','IBC 24',3,'',10,1),(265,'2019-07-27 10:25:39.797277','185','Avinash Group',3,'',10,1),(266,'2019-07-27 10:25:39.924289','184','Chhattisgarh Tourism',3,'',10,1),(267,'2019-07-27 10:25:40.592973','183','CHIPS Chhattisgarh',3,'',10,1),(268,'2019-07-27 10:25:40.731108','182','CSPDCL',3,'',10,1),(269,'2019-07-27 10:25:40.948193','181','Orange Le Spirit Cafe',3,'',10,1),(270,'2019-07-27 10:25:41.164121','180','Bisleri Fonzo',3,'',10,1),(271,'2019-07-27 10:25:41.418063','179','WILLMAN',3,'',10,1),(272,'2019-07-27 10:25:41.593322','178','Hotel Babylon International',3,'',10,1),(273,'2019-07-27 10:25:41.742635','177','The Trophy House',3,'',10,1),(274,'2019-07-27 10:25:41.879173','176','INH News',3,'',10,1),(275,'2019-07-27 10:25:42.006174','175','T.I.M.E',3,'',10,1),(276,'2019-07-27 10:25:42.339239','174','Konsole Group',3,'',10,1),(277,'2019-07-27 10:25:42.514247','173','ZONE',3,'',10,1),(278,'2019-07-27 10:25:42.630172','172','TRIPPY',3,'',10,1),(279,'2019-07-27 10:25:42.757225','171','IBC 24',3,'',10,1),(280,'2019-07-27 10:25:42.884035','170','The College Fever',3,'',10,1),(281,'2019-07-27 10:25:43.011254','169','Chhattisgarh Tourism',3,'',10,1),(282,'2019-07-27 10:25:43.344321','168','Meenakshi\'s Salon and Academy',3,'',10,1),(283,'2019-07-27 10:25:43.519313','167','CSPDCL',3,'',10,1),(284,'2019-07-27 10:25:43.773320','166','Saavn',3,'',10,1),(285,'2019-07-27 10:25:43.900257','165','Bisleri Fonzo',3,'',10,1),(286,'2019-07-27 10:25:44.027271','164','Resonance',3,'',10,1),(287,'2019-07-27 10:25:44.360567','163','Hotel Babylon International',3,'',10,1),(288,'2019-07-27 10:25:44.524291','162','The Music Cafe',3,'',10,1),(289,'2019-07-27 10:25:44.715830','161','INH News',3,'',10,1),(290,'2019-07-27 10:25:44.842977','160','Infibeam.com',3,'',10,1),(291,'2019-07-27 10:25:44.969828','159','Konsole Group',3,'',10,1),(292,'2019-07-27 10:25:45.176150','158','Veg Centre',3,'',10,1),(293,'2019-07-27 10:25:45.508027','157','TRIPPY',3,'',10,1),(294,'2019-07-27 10:25:45.682858','156','OYO Rooms',3,'',10,1),(295,'2019-07-27 10:25:45.809829','155','The College Fever',3,'',10,1),(296,'2019-07-27 10:25:45.925418','154','94.3 My FM',3,'',10,1),(297,'2019-07-27 10:25:46.163586','153','Meenakshi\'s Salon and Academy',3,'',10,1),(298,'2019-07-27 10:25:46.430530','152','36Inc',3,'',10,1),(299,'2019-07-27 10:25:46.605326','151','Saavn',3,'',10,1),(300,'2019-07-27 10:25:46.732290','150','Think Raipur',3,'',10,1),(301,'2019-07-27 10:25:46.859300','149','Resonance',3,'',10,1),(302,'2019-07-27 10:25:46.986075','148','Chhattisgarh Tourism',3,'',10,1),(303,'2019-07-27 10:25:47.113317','147','The Music Cafe',3,'',10,1),(304,'2019-07-27 10:25:47.240289','146','Bank Of Maharashtra',3,'',10,1),(305,'2019-07-27 10:25:47.367524','145','Infibeam.com',3,'',10,1),(306,'2019-07-27 10:25:47.494451','144','Department of Women & Child Development',3,'',10,1),(307,'2019-07-27 10:25:47.621480','143','Veg Centre',3,'',10,1),(308,'2019-07-27 10:25:47.759574','142','Department of Women & Child Development',3,'',10,1),(309,'2019-07-27 10:25:47.886564','141','OYO Rooms',3,'',10,1),(310,'2019-07-27 10:25:48.013638','140','36Inc',3,'',10,1),(311,'2019-07-27 10:25:48.140588','139','94.3 My FM',3,'',10,1),(312,'2019-07-27 10:25:48.267649','138','Department of Women & Child Development',3,'',10,1),(313,'2019-07-27 10:25:48.394646','137','36Inc',3,'',10,1),(314,'2019-07-27 10:25:48.521623','136','Think Raipur',3,'',10,1),(315,'2019-07-27 10:25:48.648671','135','Chhattisgarh Tourism',3,'',10,1),(316,'2019-07-27 10:25:48.775697','134','Bank Of Maharashtra',3,'',10,1),(317,'2019-07-27 10:25:48.891559','133','Department of Women & Child Development',3,'',10,1),(318,'2019-07-27 10:25:49.018693','132','Department of Women & Child Development',3,'',10,1),(319,'2019-07-27 10:25:49.145697','131','36Inc',3,'',10,1),(320,'2019-07-27 10:25:49.272675','130','Department of Women & Child Development',3,'',10,1),(321,'2019-07-27 11:04:28.701112','399','Benchmark Group',3,'',10,1),(322,'2019-07-27 11:04:28.857480','398','ACB India Limited',3,'',10,1),(323,'2019-07-27 11:04:28.984114','397','IBC 24',3,'',10,1),(324,'2019-07-27 11:04:29.111371','396','Your Story',3,'',10,1),(325,'2019-07-27 11:04:29.238443','395','It\'s Me Cafe',3,'',10,1),(326,'2019-07-27 11:04:29.365436','394','Moshik\'s',3,'',10,1),(327,'2019-07-27 11:04:29.492481','393','Eyedea',3,'',10,1),(328,'2019-07-27 11:04:29.619572','392','Hello Intern',3,'',10,1),(329,'2019-07-27 11:04:29.746603','391','Celebration Group',3,'',10,1),(330,'2019-07-27 11:04:29.873570','390','Hotel Aditya',3,'',10,1),(331,'2019-07-27 11:04:30.000693','389','Hotel Maurya',3,'',10,1),(332,'2019-07-27 11:04:30.127661','388','The Signage',3,'',10,1),(333,'2019-07-27 11:04:30.254795','387','Interview Street',3,'',10,1),(334,'2019-07-27 11:04:30.370737','386','Appu Sweets',3,'',10,1),(335,'2019-07-27 11:04:30.497728','385','Your Story',3,'',10,1),(336,'2019-07-27 11:04:30.624672','384','Senov Tech',3,'',10,1),(337,'2019-07-27 11:04:30.751811','383','Sam\'s Kreations',3,'',10,1),(338,'2019-07-27 11:04:30.878866','382','Blooms And Grooms',3,'',10,1),(339,'2019-07-27 11:04:31.005933','381','The Trohpy House',3,'',10,1),(340,'2019-07-27 11:04:31.132910','380','Seeta Travels',3,'',10,1),(341,'2019-07-27 11:04:31.259787','379','HEADSTART',3,'',10,1),(342,'2019-07-27 11:04:31.387021','378','MOBILE10x',3,'',10,1),(343,'2019-07-27 11:04:31.502969','377','AB Classes',3,'',10,1),(344,'2019-07-27 11:04:31.629928','376','ATKT.IN',3,'',10,1),(345,'2019-07-27 11:04:31.757038','375','Vennington Court',3,'',10,1),(346,'2019-07-27 11:04:31.883978','374','Lasting Impressions',3,'',10,1),(347,'2019-07-27 11:04:32.011088','373','Samishu',3,'',10,1),(348,'2019-07-27 11:04:32.127028','372','Goose Burps',3,'',10,1),(349,'2019-07-27 11:04:32.254011','371','Souled Store',3,'',10,1),(350,'2019-07-27 11:04:32.381096','370','Shri Krishna IAS',3,'',10,1),(351,'2019-07-27 11:04:32.508075','369','qM Print',3,'',10,1),(352,'2019-07-27 11:04:32.635166','368','Benchmark Group',3,'',10,1),(353,'2019-07-27 11:04:32.762204','367','Sky Ventures',3,'',10,1),(354,'2019-07-27 11:04:32.889227','366','Zebronics',3,'',10,1),(355,'2019-07-27 11:04:33.016282','365','Happily Unmarried',3,'',10,1),(356,'2019-07-27 11:04:33.143335','364','RiON',3,'',10,1),(357,'2019-07-27 11:04:33.259238','363','Raipur Development Authority',3,'',10,1),(358,'2019-07-27 11:04:33.386101','362','Sams Pizza',3,'',10,1),(359,'2019-07-27 11:04:33.767323','361','Zoodify',3,'',10,1),(360,'2019-07-27 11:04:33.894402','360','Venture Catalysts',3,'',10,1),(361,'2019-07-27 11:04:34.021387','359','Chhattisgarh Tourism',3,'',10,1),(362,'2019-07-27 11:04:34.159591','358','My FM 94.3',3,'',10,1),(363,'2019-07-27 11:04:34.286406','357','Pagal Guy',3,'',10,1),(364,'2019-07-27 11:04:34.413509','356','Career Launcher',3,'',10,1),(365,'2019-07-27 11:04:34.540736','355','Shopper\'s Stop',3,'',10,1),(366,'2019-07-27 11:04:34.667748','354','PT Education',3,'',10,1),(367,'2019-07-27 11:04:34.794730','353','IndiaMart',3,'',10,1),(368,'2019-07-27 11:04:34.921962','352','Hello Intern',3,'',10,1),(369,'2019-07-27 11:04:35.037660','351','Dev Creator\'s of Memories',3,'',10,1),(370,'2019-07-27 11:04:35.220412','350','Nai Dunia',3,'',10,1),(371,'2019-07-27 11:04:35.347310','349','YourStory',3,'',10,1),(372,'2019-07-27 11:04:35.474494','348','Vedam Spa & Salon',3,'',10,1),(373,'2019-07-27 11:04:35.601434','347','ATKT.IN',3,'',10,1),(374,'2019-07-27 11:04:35.728452','346','Oyo Rooms',3,'',10,1),(375,'2019-07-27 11:04:35.855743','345','CHIPS',3,'',10,1),(376,'2019-07-27 11:04:35.982530','344','CSIDC',3,'',10,1),(377,'2019-07-27 11:04:36.109595','343','TheHitavada',3,'',10,1),(378,'2019-07-27 11:04:36.468520','342','Lalganga Colors Mall',3,'',10,1),(379,'2019-07-27 11:04:36.722788','341','Avinash Group',3,'',10,1),(380,'2019-07-27 11:04:37.104061','340','CHIPS Chhattisgarh',3,'',10,1),(381,'2019-07-27 11:04:37.286926','339','Orange Le Spirit Cafe',3,'',10,1),(382,'2019-07-27 11:04:37.518847','338','WILLMAN',3,'',10,1),(383,'2019-07-27 11:04:37.645781','337','The Trophy House',3,'',10,1),(384,'2019-07-27 11:04:37.772922','336','T.I.M.E',3,'',10,1),(385,'2019-07-27 11:04:37.900015','335','ZONE',3,'',10,1),(386,'2019-07-27 11:04:38.027032','334','IBC 24',3,'',10,1),(387,'2019-07-27 11:04:38.165061','333','Chhattisgarh Tourism',3,'',10,1),(388,'2019-07-27 11:04:38.292130','332','CSPDCL',3,'',10,1),(389,'2019-07-27 11:04:38.419120','331','Bisleri Fonzo',3,'',10,1),(390,'2019-07-27 11:04:38.546181','330','Hotel Babylon International',3,'',10,1),(391,'2019-07-27 11:04:38.673253','329','INH News',3,'',10,1),(392,'2019-07-27 11:04:38.927455','328','Konsole Group',3,'',10,1),(393,'2019-07-27 11:04:39.054582','327','TRIPPY',3,'',10,1),(394,'2019-07-27 11:04:39.192372','326','The College Fever',3,'',10,1),(395,'2019-07-27 11:04:39.319506','325','Meenakshi\'s Salon and Academy',3,'',10,1),(396,'2019-07-27 11:04:39.446408','324','Saavn',3,'',10,1),(397,'2019-07-27 11:04:39.622954','323','Resonance',3,'',10,1),(398,'2019-07-27 11:04:39.788108','322','The Music Cafe',3,'',10,1),(399,'2019-07-27 11:04:39.943524','321','Infibeam.com',3,'',10,1),(400,'2019-07-27 11:04:40.147784','320','Veg Centre',3,'',10,1),(401,'2019-07-27 11:04:40.274024','319','OYO Rooms',3,'',10,1),(402,'2019-07-27 11:04:40.400908','318','94.3 My FM',3,'',10,1),(403,'2019-07-27 11:04:40.528104','317','36Inc',3,'',10,1),(404,'2019-07-27 11:04:40.655044','316','Think Raipur',3,'',10,1),(405,'2019-07-27 11:04:40.782475','315','Chhattisgarh Tourism',3,'',10,1),(406,'2019-07-27 11:04:40.897993','314','Bank Of Maharashtra',3,'',10,1),(407,'2019-07-27 11:04:41.025029','313','Department of Women & Child Development',3,'',10,1),(408,'2019-07-27 11:04:41.163183','312','Department of Women & Child Development',3,'',10,1),(409,'2019-07-27 11:04:41.290638','311','36Inc',3,'',10,1),(410,'2019-07-27 11:04:41.417375','310','Department of Women & Child Development',3,'',10,1),(411,'2019-07-27 11:15:12.780530','579','Benchmark Group',3,'',10,1),(412,'2019-07-27 11:15:13.073502','578','ACB India Limited',3,'',10,1),(413,'2019-07-27 11:15:13.258004','577','IBC 24',3,'',10,1),(414,'2019-07-27 11:15:13.385449','576','Your Story',3,'',10,1),(415,'2019-07-27 11:15:13.512272','575','It\'s Me Cafe',3,'',10,1),(416,'2019-07-27 11:15:13.639438','574','Moshik\'s',3,'',10,1),(417,'2019-07-27 11:15:13.766561','573','Eyedea',3,'',10,1),(418,'2019-07-27 11:15:13.893615','572','Hello Intern',3,'',10,1),(419,'2019-07-27 11:15:14.009570','571','Celebration Group',3,'',10,1),(420,'2019-07-27 11:15:14.136623','570','Hotel Aditya',3,'',10,1),(421,'2019-07-27 11:15:14.263612','569','Benchmark Group',3,'',10,1),(422,'2019-07-27 11:15:14.390692','568','Hotel Maurya',3,'',10,1),(423,'2019-07-27 11:15:14.595937','567','ACB India Limited',3,'',10,1),(424,'2019-07-27 11:15:14.850600','566','The Signage',3,'',10,1),(425,'2019-07-27 11:15:15.026216','565','IBC 24',3,'',10,1),(426,'2019-07-27 11:15:15.152879','564','Interview Street',3,'',10,1),(427,'2019-07-27 11:15:15.279935','563','Your Story',3,'',10,1),(428,'2019-07-27 11:15:15.407029','562','Appu Sweets',3,'',10,1),(429,'2019-07-27 11:15:15.534106','561','It\'s Me Cafe',3,'',10,1),(430,'2019-07-27 11:15:15.904016','560','Your Story',3,'',10,1),(431,'2019-07-27 11:15:16.030940','559','Moshik\'s',3,'',10,1),(432,'2019-07-27 11:15:16.158092','558','Senov Tech',3,'',10,1),(433,'2019-07-27 11:15:16.285222','557','Eyedea',3,'',10,1),(434,'2019-07-27 11:15:16.412191','556','Sam\'s Kreations',3,'',10,1),(435,'2019-07-27 11:15:16.539234','555','Hello Intern',3,'',10,1),(436,'2019-07-27 11:15:16.920335','554','Celebration Group',3,'',10,1),(437,'2019-07-27 11:15:17.047414','553','Blooms And Grooms',3,'',10,1),(438,'2019-07-27 11:15:17.174943','552','Hotel Aditya',3,'',10,1),(439,'2019-07-27 11:15:17.301632','551','The Trohpy House',3,'',10,1),(440,'2019-07-27 11:15:17.529284','550','Hotel Maurya',3,'',10,1),(441,'2019-07-27 11:15:18.059036','549','Seeta Travels',3,'',10,1),(442,'2019-07-27 11:15:18.313512','548','The Signage',3,'',10,1),(443,'2019-07-27 11:15:18.451186','547','HEADSTART',3,'',10,1),(444,'2019-07-27 11:15:18.783828','546','Interview Street',3,'',10,1),(445,'2019-07-27 11:15:19.037332','545','MOBILE10x',3,'',10,1),(446,'2019-07-27 11:15:19.164235','544','Appu Sweets',3,'',10,1),(447,'2019-07-27 11:15:19.291162','543','AB Classes',3,'',10,1),(448,'2019-07-27 11:15:19.418168','542','Your Story',3,'',10,1),(449,'2019-07-27 11:15:19.624150','541','ATKT.IN',3,'',10,1),(450,'2019-07-27 11:15:19.877960','540','Senov Tech',3,'',10,1),(451,'2019-07-27 11:15:20.053407','539','Vennington Court',3,'',10,1),(452,'2019-07-27 11:15:20.191581','538','Sam\'s Kreations',3,'',10,1),(453,'2019-07-27 11:15:20.318654','537','Lasting Impressions',3,'',10,1),(454,'2019-07-27 11:15:20.445841','536','Samishu',3,'',10,1),(455,'2019-07-27 11:15:20.778291','535','Goose Burps',3,'',10,1),(456,'2019-07-27 11:15:20.953888','534','Blooms And Grooms',3,'',10,1),(457,'2019-07-27 11:15:21.092022','533','Souled Store',3,'',10,1),(458,'2019-07-27 11:15:21.218886','532','The Trohpy House',3,'',10,1),(459,'2019-07-27 11:15:21.992264','531','Shri Krishna IAS',3,'',10,1),(460,'2019-07-27 11:15:22.130383','530','Seeta Travels',3,'',10,1),(461,'2019-07-27 11:15:22.266995','529','qM Print',3,'',10,1),(462,'2019-07-27 11:15:22.393938','528','HEADSTART',3,'',10,1),(463,'2019-07-27 11:15:22.599892','527','MOBILE10x',3,'',10,1),(464,'2019-07-27 11:15:22.931828','526','Benchmark Group',3,'',10,1),(465,'2019-07-27 11:15:23.106933','525','AB Classes',3,'',10,1),(466,'2019-07-27 11:15:23.233929','524','Sky Ventures',3,'',10,1),(467,'2019-07-27 11:15:23.360935','523','ATKT.IN',3,'',10,1),(468,'2019-07-27 11:15:23.566869','522','Zebronics',3,'',10,1),(469,'2019-07-27 11:15:23.820975','521','Vennington Court',3,'',10,1),(470,'2019-07-27 11:15:23.996121','520','Lasting Impressions',3,'',10,1),(471,'2019-07-27 11:15:24.111984','519','Happily Unmarried',3,'',10,1),(472,'2019-07-27 11:15:24.239010','518','Samishu',3,'',10,1),(473,'2019-07-27 11:15:24.366019','517','RiON',3,'',10,1),(474,'2019-07-27 11:15:24.572023','516','Goose Burps',3,'',10,1),(475,'2019-07-27 11:15:24.826056','515','Raipur Development Authority',3,'',10,1),(476,'2019-07-27 11:15:25.000939','514','Souled Store',3,'',10,1),(477,'2019-07-27 11:15:25.128269','513','Sams Pizza',3,'',10,1),(478,'2019-07-27 11:15:25.255165','512','Shri Krishna IAS',3,'',10,1),(479,'2019-07-27 11:15:25.382214','511','Zoodify',3,'',10,1),(480,'2019-07-27 11:15:25.588555','510','qM Print',3,'',10,1),(481,'2019-07-27 11:15:25.842272','509','Venture Catalysts',3,'',10,1),(482,'2019-07-27 11:15:26.147626','508','Chhattisgarh Tourism',3,'',10,1),(483,'2019-07-27 11:15:26.325748','507','Benchmark Group',3,'',10,1),(484,'2019-07-27 11:15:26.531917','506','My FM 94.3',3,'',10,1),(485,'2019-07-27 11:15:26.774909','505','Sky Ventures',3,'',10,1),(486,'2019-07-27 11:15:26.949845','504','Pagal Guy',3,'',10,1),(487,'2019-07-27 11:15:27.076722','503','Zebronics',3,'',10,1),(488,'2019-07-27 11:15:27.203906','502','Career Launcher',3,'',10,1),(489,'2019-07-27 11:15:27.330972','501','Shopper\'s Stop',3,'',10,1),(490,'2019-07-27 11:15:27.537577','500','Happily Unmarried',3,'',10,1),(491,'2019-07-27 11:15:27.924662','499','PT Education',3,'',10,1),(492,'2019-07-27 11:15:28.099398','498','RiON',3,'',10,1),(493,'2019-07-27 11:15:28.226415','497','IndiaMart',3,'',10,1),(494,'2019-07-27 11:15:28.353486','496','Raipur Development Authority',3,'',10,1),(495,'2019-07-27 11:15:28.559803','495','Hello Intern',3,'',10,1),(496,'2019-07-27 11:15:28.823648','494','Sams Pizza',3,'',10,1),(497,'2019-07-27 11:15:28.999664','493','Dev Creator\'s of Memories',3,'',10,1),(498,'2019-07-27 11:15:29.126741','492','Zoodify',3,'',10,1),(499,'2019-07-27 11:15:29.253767','491','Nai Dunia',3,'',10,1),(500,'2019-07-27 11:15:29.380625','490','Venture Catalysts',3,'',10,1),(501,'2019-07-27 11:15:29.585649','489','YourStory',3,'',10,1),(502,'2019-07-27 11:15:29.828593','488','Chhattisgarh Tourism',3,'',10,1),(503,'2019-07-27 11:15:30.004762','487','Vedam Spa & Salon',3,'',10,1),(504,'2019-07-27 11:15:30.131731','486','My FM 94.3',3,'',10,1),(505,'2019-07-27 11:15:30.258673','485','ATKT.IN',3,'',10,1),(506,'2019-07-27 11:15:30.374613','484','Pagal Guy',3,'',10,1),(507,'2019-07-27 11:15:30.579653','483','Oyo Rooms',3,'',10,1),(508,'2019-07-27 11:15:30.833608','482','Career Launcher',3,'',10,1),(509,'2019-07-27 11:15:31.009674','481','CHIPS',3,'',10,1),(510,'2019-07-27 11:15:31.136647','480','Shopper\'s Stop',3,'',10,1),(511,'2019-07-27 11:15:31.827544','479','CSIDC',3,'',10,1),(512,'2019-07-27 11:15:32.003671','478','PT Education',3,'',10,1),(513,'2019-07-27 11:15:32.130801','477','IndiaMart',3,'',10,1),(514,'2019-07-27 11:15:32.257763','476','TheHitavada',3,'',10,1),(515,'2019-07-27 11:15:32.384850','475','Hello Intern',3,'',10,1),(516,'2019-07-27 11:15:32.589757','474','Lalganga Colors Mall',3,'',10,1),(517,'2019-07-27 11:15:33.108813','473','Dev Creator\'s of Memories',3,'',10,1),(518,'2019-07-27 11:15:33.235730','472','Avinash Group',3,'',10,1),(519,'2019-07-27 11:15:33.362591','471','Nai Dunia',3,'',10,1),(520,'2019-07-27 11:15:33.545495','470','CHIPS Chhattisgarh',3,'',10,1),(521,'2019-07-27 11:15:33.799598','469','YourStory',3,'',10,1),(522,'2019-07-27 11:15:33.975598','468','Vedam Spa & Salon',3,'',10,1),(523,'2019-07-27 11:15:34.102718','467','Orange Le Spirit Cafe',3,'',10,1),(524,'2019-07-27 11:15:34.229805','466','ATKT.IN',3,'',10,1),(525,'2019-07-27 11:15:34.356790','465','WILLMAN',3,'',10,1),(526,'2019-07-27 11:15:34.561643','464','Oyo Rooms',3,'',10,1),(527,'2019-07-27 11:15:34.893577','463','The Trophy House',3,'',10,1),(528,'2019-07-27 11:15:35.058441','462','CHIPS',3,'',10,1),(529,'2019-07-27 11:15:35.196750','461','T.I.M.E',3,'',10,1),(530,'2019-07-27 11:15:35.323605','460','CSIDC',3,'',10,1),(531,'2019-07-27 11:15:35.450528','459','ZONE',3,'',10,1),(532,'2019-07-27 11:15:35.782714','458','TheHitavada',3,'',10,1),(533,'2019-07-27 11:15:35.958831','457','IBC 24',3,'',10,1),(534,'2019-07-27 11:15:36.074693','456','Lalganga Colors Mall',3,'',10,1),(535,'2019-07-27 11:15:36.279712','455','Avinash Group',3,'',10,1),(536,'2019-07-27 11:15:36.533551','454','Chhattisgarh Tourism',3,'',10,1),(537,'2019-07-27 11:15:36.865546','453','CHIPS Chhattisgarh',3,'',10,1),(538,'2019-07-27 11:15:37.119600','452','CSPDCL',3,'',10,1),(539,'2019-07-27 11:15:37.295738','451','Orange Le Spirit Cafe',3,'',10,1),(540,'2019-07-27 11:15:37.467234','450','Bisleri Fonzo',3,'',10,1),(541,'2019-07-27 11:15:38.030913','449','WILLMAN',3,'',10,1),(542,'2019-07-27 11:15:38.157902','448','Hotel Babylon International',3,'',10,1),(543,'2019-07-27 11:15:38.284929','447','The Trophy House',3,'',10,1),(544,'2019-07-27 11:15:38.400769','446','INH News',3,'',10,1),(545,'2019-07-27 11:15:38.605502','445','T.I.M.E',3,'',10,1),(546,'2019-07-27 11:15:38.859760','444','Konsole Group',3,'',10,1),(547,'2019-07-27 11:15:39.035871','443','ZONE',3,'',10,1),(548,'2019-07-27 11:15:39.191469','442','TRIPPY',3,'',10,1),(549,'2019-07-27 11:15:39.585632','441','IBC 24',3,'',10,1),(550,'2019-07-27 11:15:39.839669','440','The College Fever',3,'',10,1),(551,'2019-07-27 11:15:40.015636','439','Chhattisgarh Tourism',3,'',10,1),(552,'2019-07-27 11:15:40.131681','438','Meenakshi\'s Salon and Academy',3,'',10,1),(553,'2019-07-27 11:15:40.258667','437','CSPDCL',3,'',10,1),(554,'2019-07-27 11:15:40.385766','436','Saavn',3,'',10,1),(555,'2019-07-27 11:15:40.590655','435','Bisleri Fonzo',3,'',10,1),(556,'2019-07-27 11:15:40.844745','434','Resonance',3,'',10,1),(557,'2019-07-27 11:15:41.020766','433','Hotel Babylon International',3,'',10,1),(558,'2019-07-27 11:15:41.147832','432','The Music Cafe',3,'',10,1),(559,'2019-07-27 11:15:41.274925','431','INH News',3,'',10,1),(560,'2019-07-27 11:15:41.401971','430','Infibeam.com',3,'',10,1),(561,'2019-07-27 11:15:41.606924','429','Konsole Group',3,'',10,1),(562,'2019-07-27 11:15:41.861025','428','Veg Centre',3,'',10,1),(563,'2019-07-27 11:15:42.025949','427','TRIPPY',3,'',10,1),(564,'2019-07-27 11:15:42.152997','426','OYO Rooms',3,'',10,1),(565,'2019-07-27 11:15:42.279900','425','94.3 My FM',3,'',10,1),(566,'2019-07-27 11:15:42.407061','424','The College Fever',3,'',10,1),(567,'2019-07-27 11:15:42.611861','423','36Inc',3,'',10,1),(568,'2019-07-27 11:15:42.865772','422','Meenakshi\'s Salon and Academy',3,'',10,1),(569,'2019-07-27 11:15:43.373944','421','Think Raipur',3,'',10,1),(570,'2019-07-27 11:15:43.578880','420','Saavn',3,'',10,1),(571,'2019-07-27 11:15:43.832760','419','Chhattisgarh Tourism',3,'',10,1),(572,'2019-07-27 11:15:43.997899','418','Resonance',3,'',10,1),(573,'2019-07-27 11:15:44.124837','417','Bank Of Maharashtra',3,'',10,1),(574,'2019-07-27 11:15:44.251884','416','The Music Cafe',3,'',10,1),(575,'2019-07-27 11:15:44.378886','415','Infibeam.com',3,'',10,1),(576,'2019-07-27 11:15:44.583836','414','Department of Women & Child Development',3,'',10,1),(577,'2019-07-27 11:15:44.837849','413','Veg Centre',3,'',10,1),(578,'2019-07-27 11:15:45.013984','412','Department of Women & Child Development',3,'',10,1),(579,'2019-07-27 11:15:45.141070','411','OYO Rooms',3,'',10,1),(580,'2019-07-27 11:15:45.268011','410','36Inc',3,'',10,1),(581,'2019-07-27 11:15:45.395192','409','94.3 My FM',3,'',10,1),(582,'2019-07-27 11:15:45.600016','408','Department of Women & Child Development',3,'',10,1),(583,'2019-07-27 11:15:45.854106','407','36Inc',3,'',10,1),(584,'2019-07-27 11:15:46.030249','406','Think Raipur',3,'',10,1),(585,'2019-07-27 11:15:46.157227','405','Chhattisgarh Tourism',3,'',10,1),(586,'2019-07-27 11:15:46.284221','404','Bank Of Maharashtra',3,'',10,1),(587,'2019-07-27 11:15:46.411290','403','Department of Women & Child Development',3,'',10,1),(588,'2019-07-27 11:15:46.616170','402','Department of Women & Child Development',3,'',10,1),(589,'2019-07-27 11:15:46.859179','401','36Inc',3,'',10,1),(590,'2019-07-27 11:15:47.163073','400','Department of Women & Child Development',3,'',10,1),(591,'2019-07-27 11:30:10.316264','908','Benchmark Group',3,'',10,1),(592,'2019-07-27 11:30:10.532868','907','Sky Ventures',3,'',10,1),(593,'2019-07-27 11:30:10.671025','906','Zebronics',3,'',10,1),(594,'2019-07-27 11:30:10.842518','905','Happily Unmarried',3,'',10,1),(595,'2019-07-27 11:30:11.058509','904','RiON',3,'',10,1),(596,'2019-07-27 11:30:11.185551','903','Raipur Development Authority',3,'',10,1),(597,'2019-07-27 11:30:11.324179','902','Sams Pizza',3,'',10,1),(598,'2019-07-27 11:30:11.450713','901','Zoodify',3,'',10,1),(599,'2019-07-27 11:30:11.656408','900','Venture Catalysts',3,'',10,1),(600,'2019-07-27 11:30:11.910449','899','Chhattisgarh Tourism',3,'',10,1),(601,'2019-07-27 11:30:12.320225','898','My FM 94.3',3,'',10,1),(602,'2019-07-27 11:30:12.573541','897','Pagal Guy',3,'',10,1),(603,'2019-07-27 11:30:12.711519','896','Career Launcher',3,'',10,1),(604,'2019-07-27 11:30:12.849692','895','Shopper\'s Stop',3,'',10,1),(605,'2019-07-27 11:30:12.987905','894','PT Education',3,'',10,1),(606,'2019-07-27 11:30:13.126008','893','IndiaMart',3,'',10,1),(607,'2019-07-27 11:30:13.241990','892','Hello Intern',3,'',10,1),(608,'2019-07-27 11:30:13.380071','891','Dev Creator\'s of Memories',3,'',10,1),(609,'2019-07-27 11:30:13.518331','890','Nai Dunia',3,'',10,1),(610,'2019-07-27 11:30:13.685192','889','YourStory',3,'',10,1),(611,'2019-07-27 11:30:13.838398','888','Vedam Spa & Salon',3,'',10,1),(612,'2019-07-27 11:30:13.954394','887','ATKT.IN',3,'',10,1),(613,'2019-07-27 11:30:14.147131','886','Oyo Rooms',3,'',10,1),(614,'2019-07-27 11:30:14.263706','885','CHIPS',3,'',10,1),(615,'2019-07-27 11:30:14.390785','884','CSIDC',3,'',10,1),(616,'2019-07-27 11:30:14.528968','883','TheHitavada',3,'',10,1),(617,'2019-07-27 11:30:14.656031','882','Lalganga Colors Mall',3,'',10,1),(618,'2019-07-27 11:30:14.910067','881','Avinash Group',3,'',10,1),(619,'2019-07-27 11:30:15.037028','880','CHIPS Chhattisgarh',3,'',10,1),(620,'2019-07-27 11:30:15.152796','879','Orange Le Spirit Cafe',3,'',10,1),(621,'2019-07-27 11:30:15.280115','878','WILLMAN',3,'',10,1),(622,'2019-07-27 11:30:15.407078','877','The Trophy House',3,'',10,1),(623,'2019-07-27 11:30:15.534175','876','T.I.M.E',3,'',10,1),(624,'2019-07-27 11:30:15.661223','875','ZONE',3,'',10,1),(625,'2019-07-27 11:30:15.788165','874','IBC 24',3,'',10,1),(626,'2019-07-27 11:30:15.915318','873','Chhattisgarh Tourism',3,'',10,1),(627,'2019-07-27 11:30:16.031234','872','CSPDCL',3,'',10,1),(628,'2019-07-27 11:30:16.274174','871','Bisleri Fonzo',3,'',10,1),(629,'2019-07-27 11:30:16.401257','870','Hotel Babylon International',3,'',10,1),(630,'2019-07-27 11:30:16.528313','869','INH News',3,'',10,1),(631,'2019-07-27 11:30:16.655310','868','Konsole Group',3,'',10,1),(632,'2019-07-27 11:30:16.782387','867','TRIPPY',3,'',10,1),(633,'2019-07-27 11:30:16.898184','866','The College Fever',3,'',10,1),(634,'2019-07-27 11:30:17.406474','865','Meenakshi\'s Salon and Academy',3,'',10,1),(635,'2019-07-27 11:30:17.533520','864','Saavn',3,'',10,1),(636,'2019-07-27 11:30:17.660585','863','Resonance',3,'',10,1),(637,'2019-07-27 11:30:17.787552','862','The Music Cafe',3,'',10,1),(638,'2019-07-27 11:30:17.914648','861','Infibeam.com',3,'',10,1),(639,'2019-07-27 11:30:18.040275','860','Veg Centre',3,'',10,1),(640,'2019-07-27 11:30:18.167339','859','OYO Rooms',3,'',10,1),(641,'2019-07-27 11:30:18.294146','858','94.3 My FM',3,'',10,1),(642,'2019-07-27 11:30:18.421405','857','36Inc',3,'',10,1),(643,'2019-07-27 11:30:18.548338','856','Think Raipur',3,'',10,1),(644,'2019-07-27 11:30:18.664405','855','Chhattisgarh Tourism',3,'',10,1),(645,'2019-07-27 11:30:18.791277','854','Bank Of Maharashtra',3,'',10,1),(646,'2019-07-27 11:30:18.907246','853','Department of Women & Child Development',3,'',10,1),(647,'2019-07-27 11:30:19.034257','852','Department of Women & Child Development',3,'',10,1),(648,'2019-07-27 11:30:19.161286','851','36Inc',3,'',10,1),(649,'2019-07-27 11:30:19.288335','850','Department of Women & Child Development',3,'',10,1),(650,'2019-07-27 11:30:19.415252','849','Benchmark Group',3,'',10,1),(651,'2019-07-27 11:30:19.644058','848','ACB India Limited',3,'',10,1),(652,'2019-07-27 11:30:19.825039','847','IBC 24',3,'',10,1),(653,'2019-07-27 11:30:19.952003','846','Your Story',3,'',10,1),(654,'2019-07-27 11:30:20.067823','845','It\'s Me Cafe',3,'',10,1),(655,'2019-07-27 11:30:20.194933','844','Moshik\'s',3,'',10,1),(656,'2019-07-27 11:30:20.321896','843','Eyedea',3,'',10,1),(657,'2019-07-27 11:30:20.448761','842','Hello Intern',3,'',10,1),(658,'2019-07-27 11:30:20.575943','841','Celebration Group',3,'',10,1),(659,'2019-07-27 11:30:20.691886','840','Hotel Aditya',3,'',10,1),(660,'2019-07-27 11:30:20.818989','839','Hotel Maurya',3,'',10,1),(661,'2019-07-27 11:30:20.934887','838','The Signage',3,'',10,1),(662,'2019-07-27 11:30:21.084138','837','Interview Street',3,'',10,1),(663,'2019-07-27 11:30:21.199973','836','Appu Sweets',3,'',10,1),(664,'2019-07-27 11:30:21.327052','835','Your Story',3,'',10,1),(665,'2019-07-27 11:30:21.453923','834','Senov Tech',3,'',10,1),(666,'2019-07-27 11:30:21.581015','833','Sam\'s Kreations',3,'',10,1),(667,'2019-07-27 11:30:21.708093','832','Blooms And Grooms',3,'',10,1),(668,'2019-07-27 11:30:21.823873','831','The Trohpy House',3,'',10,1),(669,'2019-07-27 11:30:21.951030','830','Seeta Travels',3,'',10,1),(670,'2019-07-27 11:30:22.066952','829','HEADSTART',3,'',10,1),(671,'2019-07-27 11:30:22.271806','828','MOBILE10x',3,'',10,1),(672,'2019-07-27 11:30:22.398769','827','AB Classes',3,'',10,1),(673,'2019-07-27 11:30:22.525517','826','ATKT.IN',3,'',10,1),(674,'2019-07-27 11:30:22.641613','825','Vennington Court',3,'',10,1),(675,'2019-07-27 11:30:22.768662','824','Lasting Impressions',3,'',10,1),(676,'2019-07-27 11:30:22.895696','823','Samishu',3,'',10,1),(677,'2019-07-27 11:30:23.022697','822','Goose Burps',3,'',10,1),(678,'2019-07-27 11:30:23.138637','821','Souled Store',3,'',10,1),(679,'2019-07-27 11:30:23.265655','820','Shri Krishna IAS',3,'',10,1),(680,'2019-07-27 11:30:23.392741','819','qM Print',3,'',10,1),(681,'2019-07-27 11:30:23.519709','818','Benchmark Group',3,'',10,1),(682,'2019-07-27 11:30:23.646693','817','Sky Ventures',3,'',10,1),(683,'2019-07-27 11:30:23.762664','816','Zebronics',3,'',10,1),(684,'2019-07-27 11:30:23.889696','815','Happily Unmarried',3,'',10,1),(685,'2019-07-27 11:30:24.005612','814','RiON',3,'',10,1),(686,'2019-07-27 11:30:24.210540','813','Raipur Development Authority',3,'',10,1),(687,'2019-07-27 11:30:24.386746','812','Sams Pizza',3,'',10,1),(688,'2019-07-27 11:30:24.513691','811','Zoodify',3,'',10,1),(689,'2019-07-27 11:30:24.640502','810','Venture Catalysts',3,'',10,1),(690,'2019-07-27 11:30:24.767672','809','Chhattisgarh Tourism',3,'',10,1),(691,'2019-07-27 11:30:38.037575','808','My FM 94.3',3,'',10,1),(692,'2019-07-27 11:30:38.187680','807','Pagal Guy',3,'',10,1),(693,'2019-07-27 11:30:38.314779','806','Career Launcher',3,'',10,1),(694,'2019-07-27 11:30:38.441813','805','Shopper\'s Stop',3,'',10,1),(695,'2019-07-27 11:30:38.557885','804','PT Education',3,'',10,1),(696,'2019-07-27 11:30:38.684759','803','IndiaMart',3,'',10,1),(697,'2019-07-27 11:30:38.811848','802','Hello Intern',3,'',10,1),(698,'2019-07-27 11:30:38.939079','801','Dev Creator\'s of Memories',3,'',10,1),(699,'2019-07-27 11:30:39.065868','800','Nai Dunia',3,'',10,1),(700,'2019-07-27 11:30:39.182046','799','YourStory',3,'',10,1),(701,'2019-07-27 11:30:39.308704','798','Vedam Spa & Salon',3,'',10,1),(702,'2019-07-27 11:30:39.424776','797','ATKT.IN',3,'',10,1),(703,'2019-07-27 11:30:39.551782','796','Oyo Rooms',3,'',10,1),(704,'2019-07-27 11:30:39.884196','795','CHIPS',3,'',10,1),(705,'2019-07-27 11:30:40.137701','794','CSIDC',3,'',10,1),(706,'2019-07-27 11:30:40.635000','793','TheHitavada',3,'',10,1),(707,'2019-07-27 11:30:41.016028','792','Lalganga Colors Mall',3,'',10,1),(708,'2019-07-27 11:30:41.131879','791','Avinash Group',3,'',10,1),(709,'2019-07-27 11:30:41.259115','790','CHIPS Chhattisgarh',3,'',10,1),(710,'2019-07-27 11:30:41.375008','789','Orange Le Spirit Cafe',3,'',10,1),(711,'2019-07-27 11:30:41.501974','788','WILLMAN',3,'',10,1),(712,'2019-07-27 11:30:41.617996','787','The Trophy House',3,'',10,1),(713,'2019-07-27 11:30:42.010185','786','T.I.M.E',3,'',10,1),(714,'2019-07-27 11:30:42.181692','785','ZONE',3,'',10,1),(715,'2019-07-27 11:30:42.308701','784','IBC 24',3,'',10,1),(716,'2019-07-27 11:30:42.435752','783','Chhattisgarh Tourism',3,'',10,1),(717,'2019-07-27 11:30:42.895254','782','CSPDCL',3,'',10,1),(718,'2019-07-27 11:30:43.071026','781','Bisleri Fonzo',3,'',10,1),(719,'2019-07-27 11:30:43.197985','780','Hotel Babylon International',3,'',10,1),(720,'2019-07-27 11:30:43.325044','779','INH News',3,'',10,1),(721,'2019-07-27 11:30:43.452122','778','Konsole Group',3,'',10,1),(722,'2019-07-27 11:30:43.657459','777','TRIPPY',3,'',10,1),(723,'2019-07-27 11:30:43.911591','776','The College Fever',3,'',10,1),(724,'2019-07-27 11:30:44.076174','775','Meenakshi\'s Salon and Academy',3,'',10,1),(725,'2019-07-27 11:30:44.203153','774','Saavn',3,'',10,1),(726,'2019-07-27 11:30:44.330318','773','Resonance',3,'',10,1),(727,'2019-07-27 11:30:44.457254','772','The Music Cafe',3,'',10,1),(728,'2019-07-27 11:30:44.662897','771','Infibeam.com',3,'',10,1),(729,'2019-07-27 11:30:44.916799','770','Veg Centre',3,'',10,1),(730,'2019-07-27 11:30:45.092540','769','OYO Rooms',3,'',10,1),(731,'2019-07-27 11:30:45.230750','768','94.3 My FM',3,'',10,1),(732,'2019-07-27 11:30:45.357729','767','36Inc',3,'',10,1),(733,'2019-07-27 11:30:45.484817','766','Think Raipur',3,'',10,1),(734,'2019-07-27 11:30:45.738891','765','Chhattisgarh Tourism',3,'',10,1),(735,'2019-07-27 11:30:45.992979','764','Bank Of Maharashtra',3,'',10,1),(736,'2019-07-27 11:30:46.119988','763','Department of Women & Child Development',3,'',10,1),(737,'2019-07-27 11:30:46.247094','762','Department of Women & Child Development',3,'',10,1),(738,'2019-07-27 11:30:46.440867','761','36Inc',3,'',10,1),(739,'2019-07-27 11:30:46.773399','760','Department of Women & Child Development',3,'',10,1),(740,'2019-07-27 11:34:16.728833','998','Benchmark Group',3,'',10,1),(741,'2019-07-27 11:34:16.858040','997','ACB India Limited',3,'',10,1),(742,'2019-07-27 11:34:16.985115','996','IBC 24',3,'',10,1),(743,'2019-07-27 11:34:17.112042','995','Your Story',3,'',10,1),(744,'2019-07-27 11:34:17.228128','994','It\'s Me Cafe',3,'',10,1),(745,'2019-07-27 11:34:17.355044','993','Moshik\'s',3,'',10,1),(746,'2019-07-27 11:34:17.482213','992','Eyedea',3,'',10,1),(747,'2019-07-27 11:34:17.687068','991','Hello Intern',3,'',10,1),(748,'2019-07-27 11:34:17.941220','990','Celebration Group',3,'',10,1),(749,'2019-07-27 11:34:18.117198','989','Hotel Aditya',3,'',10,1),(750,'2019-07-27 11:34:18.244390','988','Hotel Maurya',3,'',10,1),(751,'2019-07-27 11:34:18.371473','987','The Signage',3,'',10,1),(752,'2019-07-27 11:34:18.498474','986','Interview Street',3,'',10,1),(753,'2019-07-27 11:34:18.625732','985','Appu Sweets',3,'',10,1),(754,'2019-07-27 11:34:18.995536','984','Your Story',3,'',10,1),(755,'2019-07-27 11:34:19.122562','983','Senov Tech',3,'',10,1),(756,'2019-07-27 11:34:19.249617','982','Sam\'s Kreations',3,'',10,1),(757,'2019-07-27 11:34:19.377170','981','Blooms And Grooms',3,'',10,1),(758,'2019-07-27 11:34:19.504004','980','The Trohpy House',3,'',10,1),(759,'2019-07-27 11:34:19.630957','979','Seeta Travels',3,'',10,1),(760,'2019-07-27 11:34:20.011870','978','HEADSTART',3,'',10,1),(761,'2019-07-27 11:34:20.138989','977','MOBILE10x',3,'',10,1),(762,'2019-07-27 11:34:20.265840','976','AB Classes',3,'',10,1),(763,'2019-07-27 11:34:20.393102','975','ATKT.IN',3,'',10,1),(764,'2019-07-27 11:34:20.520120','974','Vennington Court',3,'',10,1),(765,'2019-07-27 11:34:20.647198','973','Lasting Impressions',3,'',10,1),(766,'2019-07-27 11:34:21.144187','972','Samishu',3,'',10,1),(767,'2019-07-27 11:34:21.271029','971','Goose Burps',3,'',10,1),(768,'2019-07-27 11:34:21.398226','970','Souled Store',3,'',10,1),(769,'2019-07-27 11:34:21.525316','969','Shri Krishna IAS',3,'',10,1),(770,'2019-07-27 11:34:21.730787','968','qM Print',3,'',10,1),(771,'2019-07-27 11:34:21.984802','967','Benchmark Group',3,'',10,1),(772,'2019-07-27 11:34:22.160536','966','Sky Ventures',3,'',10,1),(773,'2019-07-27 11:34:22.287356','965','Zebronics',3,'',10,1),(774,'2019-07-27 11:34:22.414623','964','Happily Unmarried',3,'',10,1),(775,'2019-07-27 11:34:22.586292','963','RiON',3,'',10,1),(776,'2019-07-27 11:34:23.007305','962','Raipur Development Authority',3,'',10,1),(777,'2019-07-27 11:34:23.183177','961','Sams Pizza',3,'',10,1),(778,'2019-07-27 11:34:23.310186','960','Zoodify',3,'',10,1),(779,'2019-07-27 11:34:23.426225','959','Venture Catalysts',3,'',10,1),(780,'2019-07-27 11:34:23.553178','958','Chhattisgarh Tourism',3,'',10,1),(781,'2019-07-27 11:34:23.758595','957','My FM 94.3',3,'',10,1),(782,'2019-07-27 11:34:24.012660','956','Pagal Guy',3,'',10,1),(783,'2019-07-27 11:34:24.188448','955','Career Launcher',3,'',10,1),(784,'2019-07-27 11:34:24.326565','954','Shopper\'s Stop',3,'',10,1),(785,'2019-07-27 11:34:24.453553','953','PT Education',3,'',10,1),(786,'2019-07-27 11:34:25.088804','952','IndiaMart',3,'',10,1),(787,'2019-07-27 11:34:25.227025','951','Hello Intern',3,'',10,1),(788,'2019-07-27 11:34:25.365182','950','Dev Creator\'s of Memories',3,'',10,1),(789,'2019-07-27 11:34:25.503294','949','Nai Dunia',3,'',10,1),(790,'2019-07-27 11:34:25.719877','948','YourStory',3,'',10,1),(791,'2019-07-27 11:34:26.007309','947','Vedam Spa & Salon',3,'',10,1),(792,'2019-07-27 11:34:26.192398','946','ATKT.IN',3,'',10,1),(793,'2019-07-27 11:34:26.535918','945','Oyo Rooms',3,'',10,1),(794,'2019-07-27 11:34:26.741477','944','CHIPS',3,'',10,1),(795,'2019-07-27 11:34:27.062171','943','CSIDC',3,'',10,1),(796,'2019-07-27 11:34:27.237779','942','TheHitavada',3,'',10,1),(797,'2019-07-27 11:34:27.364867','941','Lalganga Colors Mall',3,'',10,1),(798,'2019-07-27 11:34:27.491833','940','Avinash Group',3,'',10,1),(799,'2019-07-27 11:34:27.697451','939','CHIPS Chhattisgarh',3,'',10,1),(800,'2019-07-27 11:34:27.940356','938','Orange Le Spirit Cafe',3,'',10,1),(801,'2019-07-27 11:34:28.194443','937','WILLMAN',3,'',10,1),(802,'2019-07-27 11:34:28.369929','936','The Trophy House',3,'',10,1),(803,'2019-07-27 11:34:28.496955','935','T.I.M.E',3,'',10,1),(804,'2019-07-27 11:34:28.702447','934','ZONE',3,'',10,1),(805,'2019-07-27 11:34:28.956629','933','IBC 24',3,'',10,1),(806,'2019-07-27 11:34:29.131997','932','Chhattisgarh Tourism',3,'',10,1),(807,'2019-07-27 11:34:29.259031','931','CSPDCL',3,'',10,1),(808,'2019-07-27 11:34:29.386062','930','Bisleri Fonzo',3,'',10,1),(809,'2019-07-27 11:34:29.513136','929','Hotel Babylon International',3,'',10,1),(810,'2019-07-27 11:34:29.696568','928','INH News',3,'',10,1),(811,'2019-07-27 11:34:29.950581','927','Konsole Group',3,'',10,1),(812,'2019-07-27 11:34:30.126041','926','TRIPPY',3,'',10,1),(813,'2019-07-27 11:34:30.253041','925','The College Fever',3,'',10,1),(814,'2019-07-27 11:34:30.380030','924','Meenakshi\'s Salon and Academy',3,'',10,1),(815,'2019-07-27 11:34:30.529278','923','Saavn',3,'',10,1),(816,'2019-07-27 11:34:30.735099','922','Resonance',3,'',10,1),(817,'2019-07-27 11:34:30.978049','921','The Music Cafe',3,'',10,1),(818,'2019-07-27 11:34:31.153306','920','Infibeam.com',3,'',10,1),(819,'2019-07-27 11:34:31.280241','919','Veg Centre',3,'',10,1),(820,'2019-07-27 11:34:31.407345','918','OYO Rooms',3,'',10,1),(821,'2019-07-27 11:34:31.534365','917','94.3 My FM',3,'',10,1),(822,'2019-07-27 11:34:31.740088','916','36Inc',3,'',10,1),(823,'2019-07-27 11:34:31.994348','915','Think Raipur',3,'',10,1),(824,'2019-07-27 11:34:32.169486','914','Chhattisgarh Tourism',3,'',10,1),(825,'2019-07-27 11:34:32.296406','913','Bank Of Maharashtra',3,'',10,1),(826,'2019-07-27 11:34:32.423402','912','Department of Women & Child Development',3,'',10,1),(827,'2019-07-27 11:34:32.539326','911','Department of Women & Child Development',3,'',10,1),(828,'2019-07-27 11:34:32.745335','910','36Inc',3,'',10,1),(829,'2019-07-27 11:34:32.999541','909','Department of Women & Child Development',3,'',10,1),(830,'2019-07-28 03:57:20.313787','1002','Department of Women & Child Development',3,'',10,1),(831,'2019-07-28 03:57:20.318313','1001','Department of Women & Child Development',3,'',10,1),(832,'2019-07-28 05:34:51.663016','1089','Dare 2 Compete',1,'[{\"added\": {}}]',10,1),(833,'2019-07-28 05:37:49.658136','1089','Dare 2 Compete',2,'[{\"changed\": {\"fields\": [\"flag\"]}}]',10,1),(834,'2019-07-28 12:03:03.378830','5','Rishabh Dev',2,'[{\"changed\": {\"fields\": [\"year\"]}}]',14,1),(835,'2019-07-28 12:03:21.461842','6','Abi Aryan',2,'[{\"changed\": {\"fields\": [\"year\"]}}]',14,1),(836,'2019-07-28 12:03:31.344318','7','Rahul Tyagi',2,'[{\"changed\": {\"fields\": [\"year\"]}}]',14,1),(837,'2019-07-28 12:03:41.890955','8','Mr. Saransh Roy',2,'[{\"changed\": {\"fields\": [\"year\"]}}]',14,1),(838,'2019-07-28 12:04:01.643152','9','Harjeet Khanduja',2,'[{\"changed\": {\"fields\": [\"year\"]}}]',14,1),(839,'2019-07-28 12:04:24.523370','10','Anil Joshi',2,'[{\"changed\": {\"fields\": [\"year\"]}}]',14,1),(840,'2019-07-28 12:04:34.847315','11','Ravi Ranjan',2,'[{\"changed\": {\"fields\": [\"year\"]}}]',14,1),(841,'2019-07-28 12:04:52.476417','12','Aditi Chourasia',2,'[{\"changed\": {\"fields\": [\"year\"]}}]',14,1),(842,'2019-07-28 12:05:00.688964','13','Anup Kalbalia',2,'[{\"changed\": {\"fields\": [\"year\"]}}]',14,1),(843,'2019-07-28 12:05:25.249911','14','Kumaran Brothers',2,'[{\"changed\": {\"fields\": [\"year\"]}}]',14,1),(844,'2019-07-28 12:05:40.588150','15','Prateek Sethi',2,'[{\"changed\": {\"fields\": [\"year\"]}}]',14,1),(845,'2019-07-28 13:13:04.948116','8','naveen@gmail.com',2,'[{\"changed\": {\"fields\": [\"user_type\"]}}]',6,1);
/*!40000 ALTER TABLE `django_admin_log` ENABLE KEYS */;
UNLOCK TABLES;

--
-- Table structure for table `django_content_type`
--

DROP TABLE IF EXISTS `django_content_type`;
/*!40101 SET @saved_cs_client     = @@character_set_client */;
/*!40101 SET character_set_client = utf8 */;
CREATE TABLE `django_content_type` (
  `id` int(11) NOT NULL AUTO_INCREMENT,
  `app_label` varchar(100) NOT NULL,
  `model` varchar(100) NOT NULL,
  PRIMARY KEY (`id`),
  UNIQUE KEY `django_content_type_app_label_model_76bd3d3b_uniq` (`app_label`,`model`)
) ENGINE=InnoDB AUTO_INCREMENT=17 DEFAULT CHARSET=latin1;
/*!40101 SET character_set_client = @saved_cs_client */;

--
-- Dumping data for table `django_content_type`
--

LOCK TABLES `django_content_type` WRITE;
/*!40000 ALTER TABLE `django_content_type` DISABLE KEYS */;
INSERT INTO `django_content_type` VALUES (1,'admin','logentry'),(15,'android_app','app'),(3,'auth','group'),(2,'auth','permission'),(16,'ca_portal','ca_requests'),(4,'contenttypes','contenttype'),(8,'events','event'),(9,'events','eventregister'),(11,'mentors','mentor'),(5,'sessions','session'),(14,'speakers','speaker'),(10,'sponsors','sponsor'),(12,'startups','startup'),(13,'team','member'),(7,'users','campusambassadorprofile'),(6,'users','customuser');
/*!40000 ALTER TABLE `django_content_type` ENABLE KEYS */;
UNLOCK TABLES;

--
-- Table structure for table `django_migrations`
--

DROP TABLE IF EXISTS `django_migrations`;
/*!40101 SET @saved_cs_client     = @@character_set_client */;
/*!40101 SET character_set_client = utf8 */;
CREATE TABLE `django_migrations` (
  `id` int(11) NOT NULL AUTO_INCREMENT,
  `app` varchar(255) NOT NULL,
  `name` varchar(255) NOT NULL,
  `applied` datetime(6) NOT NULL,
  PRIMARY KEY (`id`)
) ENGINE=InnoDB AUTO_INCREMENT=33 DEFAULT CHARSET=latin1;
/*!40101 SET character_set_client = @saved_cs_client */;

--
-- Dumping data for table `django_migrations`
--

LOCK TABLES `django_migrations` WRITE;
/*!40000 ALTER TABLE `django_migrations` DISABLE KEYS */;
INSERT INTO `django_migrations` VALUES (1,'contenttypes','0001_initial','2019-07-26 11:20:50.258556'),(2,'contenttypes','0002_remove_content_type_name','2019-07-26 11:20:54.438032'),(3,'auth','0001_initial','2019-07-26 11:20:58.210464'),(4,'auth','0002_alter_permission_name_max_length','2019-07-26 11:21:08.032443'),(5,'auth','0003_alter_user_email_max_length','2019-07-26 11:21:08.163984'),(6,'auth','0004_alter_user_username_opts','2019-07-26 11:21:08.419780'),(7,'auth','0005_alter_user_last_login_null','2019-07-26 11:21:08.673101'),(8,'auth','0006_require_contenttypes_0002','2019-07-26 11:21:08.805788'),(9,'auth','0007_alter_validators_add_error_messages','2019-07-26 11:21:08.986871'),(10,'auth','0008_alter_user_username_max_length','2019-07-26 11:21:09.216845'),(11,'auth','0009_alter_user_last_name_max_length','2019-07-26 11:21:09.397232'),(12,'auth','0010_alter_group_name_max_length','2019-07-26 11:21:09.715233'),(13,'auth','0011_update_proxy_permissions','2019-07-26 11:21:09.848847'),(14,'users','0001_initial','2019-07-26 11:21:13.423445'),(15,'admin','0001_initial','2019-07-26 11:21:27.103696'),(16,'admin','0002_logentry_remove_auto_add','2019-07-26 11:21:31.475737'),(17,'admin','0003_logentry_add_action_flag_choices','2019-07-26 11:21:31.613222'),(18,'android_app','0001_initial','2019-07-26 11:21:32.745917'),(19,'ca_portal','0001_initial','2019-07-26 11:21:33.539736'),(20,'ca_portal','0002_ca_requests_user','2019-07-26 11:21:35.006521'),(21,'events','0001_initial','2019-07-26 11:21:39.174045'),(22,'events','0002_auto_20190726_1100','2019-07-26 11:21:44.591444'),(23,'mentors','0001_initial','2019-07-26 11:21:49.937285'),(24,'mentors','0002_mentor_ecell_user','2019-07-26 11:21:51.674596'),(25,'sessions','0001_initial','2019-07-26 11:21:55.002271'),(26,'speakers','0001_initial','2019-07-26 11:21:56.585328'),(27,'sponsors','0001_initial','2019-07-26 11:21:57.390262'),(28,'sponsors','0002_sponsor_ecell_user','2019-07-26 11:21:58.919702'),(29,'startups','0001_initial','2019-07-26 11:22:01.951087'),(30,'startups','0002_startup_ecell_user','2019-07-26 11:22:03.617640'),(31,'team','0001_initial','2019-07-26 11:22:06.617473'),(32,'team','0002_member_year','2019-07-26 13:23:47.969599');
/*!40000 ALTER TABLE `django_migrations` ENABLE KEYS */;
UNLOCK TABLES;

--
-- Table structure for table `django_session`
--

DROP TABLE IF EXISTS `django_session`;
/*!40101 SET @saved_cs_client     = @@character_set_client */;
/*!40101 SET character_set_client = utf8 */;
CREATE TABLE `django_session` (
  `session_key` varchar(40) NOT NULL,
  `session_data` longtext NOT NULL,
  `expire_date` datetime(6) NOT NULL,
  PRIMARY KEY (`session_key`),
  KEY `django_session_expire_date_a5c62663` (`expire_date`)
) ENGINE=InnoDB DEFAULT CHARSET=latin1;
/*!40101 SET character_set_client = @saved_cs_client */;

--
-- Dumping data for table `django_session`
--

LOCK TABLES `django_session` WRITE;
/*!40000 ALTER TABLE `django_session` DISABLE KEYS */;
INSERT INTO `django_session` VALUES ('4i9l68aj80t9i5w8gj1p3f17pkago6nd','ZjlmYTFmMzk2MDgwZDE0ZGQwYzgwODAwNjc2MTU4MjBmNjdkMzY5MDp7Il9hdXRoX3VzZXJfaWQiOiIxIiwiX2F1dGhfdXNlcl9iYWNrZW5kIjoiZGphbmdvLmNvbnRyaWIuYXV0aC5iYWNrZW5kcy5Nb2RlbEJhY2tlbmQiLCJfYXV0aF91c2VyX2hhc2giOiI2MTI3OTIwY2NjMDcxMmZlODdmZDU2M2VkMWFkOGMzODdkNzVlZDBjIn0=','2019-08-10 11:47:21.293661'),('6ikq7if2gf5nl5vgd1fwkzka5skb8los','ZjlmYTFmMzk2MDgwZDE0ZGQwYzgwODAwNjc2MTU4MjBmNjdkMzY5MDp7Il9hdXRoX3VzZXJfaWQiOiIxIiwiX2F1dGhfdXNlcl9iYWNrZW5kIjoiZGphbmdvLmNvbnRyaWIuYXV0aC5iYWNrZW5kcy5Nb2RlbEJhY2tlbmQiLCJfYXV0aF91c2VyX2hhc2giOiI2MTI3OTIwY2NjMDcxMmZlODdmZDU2M2VkMWFkOGMzODdkNzVlZDBjIn0=','2019-08-11 12:00:34.151039'),('7r5h2bysjqm4vtknb2go3q595fj8vqvg','ZjlmYTFmMzk2MDgwZDE0ZGQwYzgwODAwNjc2MTU4MjBmNjdkMzY5MDp7Il9hdXRoX3VzZXJfaWQiOiIxIiwiX2F1dGhfdXNlcl9iYWNrZW5kIjoiZGphbmdvLmNvbnRyaWIuYXV0aC5iYWNrZW5kcy5Nb2RlbEJhY2tlbmQiLCJfYXV0aF91c2VyX2hhc2giOiI2MTI3OTIwY2NjMDcxMmZlODdmZDU2M2VkMWFkOGMzODdkNzVlZDBjIn0=','2019-08-11 03:56:57.914243'),('9zknlt78gkdw47ei5k6ek3cjjvxx2e44','ZjlmYTFmMzk2MDgwZDE0ZGQwYzgwODAwNjc2MTU4MjBmNjdkMzY5MDp7Il9hdXRoX3VzZXJfaWQiOiIxIiwiX2F1dGhfdXNlcl9iYWNrZW5kIjoiZGphbmdvLmNvbnRyaWIuYXV0aC5iYWNrZW5kcy5Nb2RlbEJhY2tlbmQiLCJfYXV0aF91c2VyX2hhc2giOiI2MTI3OTIwY2NjMDcxMmZlODdmZDU2M2VkMWFkOGMzODdkNzVlZDBjIn0=','2019-08-09 12:14:52.051499'),('d8dqr5vp1dzvt88xck48gun2mwitakok','ZjlmYTFmMzk2MDgwZDE0ZGQwYzgwODAwNjc2MTU4MjBmNjdkMzY5MDp7Il9hdXRoX3VzZXJfaWQiOiIxIiwiX2F1dGhfdXNlcl9iYWNrZW5kIjoiZGphbmdvLmNvbnRyaWIuYXV0aC5iYWNrZW5kcy5Nb2RlbEJhY2tlbmQiLCJfYXV0aF91c2VyX2hhc2giOiI2MTI3OTIwY2NjMDcxMmZlODdmZDU2M2VkMWFkOGMzODdkNzVlZDBjIn0=','2019-08-11 05:33:23.265501');
/*!40000 ALTER TABLE `django_session` ENABLE KEYS */;
UNLOCK TABLES;

--
-- Table structure for table `events_event`
--

DROP TABLE IF EXISTS `events_event`;
/*!40101 SET @saved_cs_client     = @@character_set_client */;
/*!40101 SET character_set_client = utf8 */;
CREATE TABLE `events_event` (
  `id` int(11) NOT NULL AUTO_INCREMENT,
  `name` varchar(256) NOT NULL,
  `venue` longtext NOT NULL,
  `date` date DEFAULT NULL,
  `time` varchar(10) NOT NULL,
  `details` longtext NOT NULL,
  `cover_pic` varchar(100) DEFAULT NULL,
  `icon` varchar(100) NOT NULL,
  `email` varchar(254) DEFAULT NULL,
  `flag` tinyint(1) NOT NULL,
  `year` int(11) NOT NULL,
  `created_at` datetime(6) NOT NULL,
  `modified_at` datetime(6) NOT NULL,
  `ecell_user_id` int(11) DEFAULT NULL,
  PRIMARY KEY (`id`),
  KEY `events_event_ecell_user_id_8815d510_fk_users_customuser_id` (`ecell_user_id`),
  CONSTRAINT `events_event_ecell_user_id_8815d510_fk_users_customuser_id` FOREIGN KEY (`ecell_user_id`) REFERENCES `users_customuser` (`id`)
) ENGINE=InnoDB AUTO_INCREMENT=23 DEFAULT CHARSET=latin1;
/*!40101 SET character_set_client = @saved_cs_client */;

--
-- Dumping data for table `events_event`
--

LOCK TABLES `events_event` WRITE;
/*!40000 ALTER TABLE `events_event` DISABLE KEYS */;
INSERT INTO `events_event` VALUES (12,'IGNITION','E-hall','2018-08-01','10:00 am','\"Ignition\" is a business model competition that will connect ideas of entrepreneurs with investors. This will help the startups to gain traction and also provide an opportunity to be funded by some of the top investors in india. A business model competition aims to connect the new start-ups with investors by creating a direct channel between them.','static/uploads/events/cover/ig111.png','static/uploads/events/icon/ig111.png',NULL,1,2019,'2019-07-26 13:38:06.046435','2019-07-26 13:38:06.046499',NULL),(13,'START-UP CAMP','To be decided...','2018-09-09','TBD','In a startup nothing happens unless you make it happen. Startup camp promotes entrepreneurship among students and also provides a start-up initiative activity amongst the growing startups in and around Chhattisgarh. Several high scale and low scale startups in and around Chhattisgarh are invited and provided with an opportunity to publicize their products/services and grab some interns for their companies. The investors attend the pitches of the startups and on recognizing a potential startup, provide seed funding to those startups.','static/uploads/events/cover/sc111.png','static/uploads/events/icon/sc111.png',NULL,1,2019,'2019-07-26 13:38:14.032085','2019-07-26 13:38:14.032140',NULL),(14,'CRICNOMETRICA','To be decided...','2018-09-08','TBD','Cricnometrica is an event designed to provide a stage for entertainment as well as a platform to showcase the individuals or teams knowledge of the game of cricket. A team game comprising of three rounds which range from pen paper to slide-shows and leads finally to virtual bidding to create a team of their own. The team with the maximum points at the end of the third round is declared as the winner.','static/uploads/events/cover/cr111_wKu2qYt.png','static/uploads/events/icon/cr111_wKu2qYt.png',NULL,1,2019,'2019-07-26 13:38:21.254730','2019-07-26 13:38:21.254784',NULL),(15,'B-QUIZ','To be decided...','2018-09-08','TBD','Get your cortex fixed cause this quiz spins your head around. Let\'s explore some of the de facto of business quizzing. Guide your cerebrum\'s way to this b-quiz that will catapult you into the world of business facts and figures.','static/uploads/events/cover/bq111.png','static/uploads/events/icon/bq111.png',NULL,1,2019,'2019-07-26 13:38:28.778598','2019-07-26 13:38:28.778651',NULL),(16,'WALLSTREET','To be decided...','2018-09-08','TBD','A virtual share market contest for the brokers out there. Invest money and take home big. The winner keeps it all. Challenge your minds trafficking power and run away with the best bet in this virtual stock broking exchange.','static/uploads/events/cover/wallstreet_FwBl6yR111.png','static/uploads/events/icon/wallstreet_FwBl6yR111.png',NULL,1,2019,'2019-07-26 13:38:38.916571','2019-07-26 13:38:38.916624',NULL),(17,'UTKRISHTH','To be decided...','2018-09-08','TBD','This event acknowledges the grass root works and aims at promoting low scale entrepreneurs from villages for the progress of nation. The event aims at felicitating the potential rural startup ideas to promote the entrepreneurial spirit at the grass root levels.','static/uploads/events/cover/uk111.png','static/uploads/events/icon/uk111.png',NULL,1,2019,'2019-07-26 13:38:48.703142','2019-07-26 13:38:48.703196',NULL),(18,'ENTROPY','To be decided...','2018-09-08','TBD','Giving wings to ideas and ground to the unknown, this session is to guide, inspire and bring out the best from the budding comrades. Words, if they hit the adrenaline rush can make you do wonders. This speaker session can make you look beyond the ordinary in order to be above the ordinary.','static/uploads/events/cover/en111.png','static/uploads/events/icon/en111.png',NULL,1,2019,'2019-07-26 13:38:55.298656','2019-07-26 13:38:55.298710',NULL),(19,'E-Gathering','To be decided...','2018-09-08','TBD','Like to end the E summit 18 on a high, the closing ceremony called the E-Gathering will feature a musical performance and a stand-up performance which will be revealed soon.','static/uploads/events/cover/eg111.png','static/uploads/events/icon/eg111.png',NULL,1,2019,'2019-07-26 13:39:02.570581','2019-07-26 13:39:02.570635',NULL),(20,'B-Case Study','To be decided...','2018-09-08','TBD','B-Case Study (Business Case Study ) is an event designed to act as a solution provider for the erupting real life scenarios in the business domain. A team event comprising of three rounds with range from pen paper to a final report submission. The reports being presented before the judges and the team with maximum awarded points is declared as the winner.','static/uploads/events/cover/bc111.png','static/uploads/events/icon/bc111.png',NULL,1,2019,'2019-07-26 13:39:09.840846','2019-07-26 13:39:09.840901',NULL),(21,'B Model','E-Hall','2019-06-29','TBD','An awesome opportunity to showcase your business model.','static/uploads/events/cover/Frame_1.png','static/uploads/events/icon/Frame_1.png',NULL,1,2019,'2019-07-26 13:39:14.451160','2019-07-26 13:39:14.451212',NULL),(22,'INNOVATION EXPO','TPO Terrace','2019-06-29','TBD','A stepping stone for your future startup ideas.','static/uploads/events/cover/Frame.png','static/uploads/events/icon/Frame.png',NULL,1,2019,'2019-07-26 13:39:19.490019','2019-07-26 13:39:19.490071',NULL);
/*!40000 ALTER TABLE `events_event` ENABLE KEYS */;
UNLOCK TABLES;

--
-- Table structure for table `events_eventregister`
--

DROP TABLE IF EXISTS `events_eventregister`;
/*!40101 SET @saved_cs_client     = @@character_set_client */;
/*!40101 SET character_set_client = utf8 */;
CREATE TABLE `events_eventregister` (
  `id` int(11) NOT NULL AUTO_INCREMENT,
  `event_id` int(11) NOT NULL,
  `profile_id` int(11) NOT NULL,
  PRIMARY KEY (`id`),
  KEY `events_eventregister_event_id_f42e40ab_fk_events_event_id` (`event_id`),
  KEY `events_eventregister_profile_id_625b7ec7_fk_users_customuser_id` (`profile_id`),
  CONSTRAINT `events_eventregister_event_id_f42e40ab_fk_events_event_id` FOREIGN KEY (`event_id`) REFERENCES `events_event` (`id`),
  CONSTRAINT `events_eventregister_profile_id_625b7ec7_fk_users_customuser_id` FOREIGN KEY (`profile_id`) REFERENCES `users_customuser` (`id`)
) ENGINE=InnoDB DEFAULT CHARSET=latin1;
/*!40101 SET character_set_client = @saved_cs_client */;

--
-- Dumping data for table `events_eventregister`
--

LOCK TABLES `events_eventregister` WRITE;
/*!40000 ALTER TABLE `events_eventregister` DISABLE KEYS */;
/*!40000 ALTER TABLE `events_eventregister` ENABLE KEYS */;
UNLOCK TABLES;

--
-- Table structure for table `mentors_mentor`
--

DROP TABLE IF EXISTS `mentors_mentor`;
/*!40101 SET @saved_cs_client     = @@character_set_client */;
/*!40101 SET character_set_client = utf8 */;
CREATE TABLE `mentors_mentor` (
  `id` int(11) NOT NULL AUTO_INCREMENT,
  `name` varchar(200) NOT NULL,
  `contact` longtext,
  `email` varchar(256) NOT NULL,
  `detail` longtext NOT NULL,
  `description` longtext,
  `profile_pic` varchar(100) DEFAULT NULL,
  `flag` tinyint(1) NOT NULL,
  `year` int(11) NOT NULL,
  `created_at` datetime(6) NOT NULL,
  `modified_at` datetime(6) NOT NULL,
  `ecell_user_id` int(11) DEFAULT NULL,
  PRIMARY KEY (`id`),
  UNIQUE KEY `name` (`name`),
  KEY `mentors_mentor_ecell_user_id_66421a0b_fk_users_customuser_id` (`ecell_user_id`),
  CONSTRAINT `mentors_mentor_ecell_user_id_66421a0b_fk_users_customuser_id` FOREIGN KEY (`ecell_user_id`) REFERENCES `users_customuser` (`id`)
) ENGINE=InnoDB AUTO_INCREMENT=7 DEFAULT CHARSET=latin1;
/*!40101 SET character_set_client = @saved_cs_client */;

--
-- Dumping data for table `mentors_mentor`
--

LOCK TABLES `mentors_mentor` WRITE;
/*!40000 ALTER TABLE `mentors_mentor` DISABLE KEYS */;
INSERT INTO `mentors_mentor` VALUES (1,'SHRAVAN PUNNA','','placeholder@gmail.com','Consultant at Deloitte','Competent Communicator for displaying excellence in public speaking and a competent leader','static/uploads/mentors/IMG_20190525_162104.jpg',1,2018,'2019-07-26 13:44:25.544443','2019-07-26 13:44:25.544515',NULL),(2,'VAIBHAV SURYA','','placeholder@gmail.com','Digital Marketing Manager at Oppo','Digital sumo is a leading digital marketing agency in MP & CG .They are advance digital advertising company which provides digital & social media marketing training and services to their clients so they will perform extraordinary in their business. They are innovative digital marketing service provider mainly focus on small medium business enterprises ,marketing professionals & marketing students.\r\nThey are top 3 SEO,SEM & PPC advertsing agency in indore mainly works with various startups in  Healthcare ,Education,E-commerce ,Fashion & many more.','static/uploads/mentors/IMG_20190525_162119.jpg',1,2018,'2019-07-26 13:44:31.348031','2019-07-26 13:44:31.348061',NULL),(3,'Tushar Vadera','0','tushar@innolat.com','CEO - Innolat','CEO - Innolat','static/uploads/mentors/IMG_20190525_161131.jpg',1,2017,'2019-07-26 13:44:35.959696','2019-07-26 13:44:35.959760',NULL),(4,'Vineet Budki','0','ineet.budki@guiddoo.com','Founder & CEO - Guiddoo World','Founder & CEO - Guiddoo World','static/uploads/mentors/IMG_20190525_161951.jpg',1,2017,'2019-07-26 13:44:41.264986','2019-07-26 13:44:41.265047',NULL),(5,'Dr. Shameem S','9876543210','hello@ecell.nitrr.ac.in','Technical University of Munich (Germany)','Great Lakes Institute of Management','static/uploads/mentors/IMG_20190525_162044.jpg',1,2017,'2019-07-26 13:44:45.936236','2019-07-26 13:44:45.936295',NULL),(6,'Ankit Tibrewal','','placeholder@gmail.com','Bharti Airtel Ltd','Financial exec with broad experience in all aspects of accounting, auditing and financial management. Rich experience with real estate, financial consulting. Interested in early-stage startups as well as companies\r\n\r\nSpecialties: Finance & Accounting, Purchasing, Investment, Government Liasion.','static/uploads/mentors/IMG_20190525_134021_1558814989205.jpg',1,2018,'2019-07-26 13:44:50.755345','2019-07-26 13:44:50.755406',NULL);
/*!40000 ALTER TABLE `mentors_mentor` ENABLE KEYS */;
UNLOCK TABLES;

--
-- Table structure for table `speakers_speaker`
--

DROP TABLE IF EXISTS `speakers_speaker`;
/*!40101 SET @saved_cs_client     = @@character_set_client */;
/*!40101 SET character_set_client = utf8 */;
CREATE TABLE `speakers_speaker` (
  `id` int(11) NOT NULL AUTO_INCREMENT,
  `name` varchar(256) NOT NULL,
  `company` varchar(256) NOT NULL,
  `experience` int(11) DEFAULT NULL,
  `profile_pic` varchar(100) DEFAULT NULL,
  `email` varchar(254) NOT NULL,
  `contact` longtext,
  `description` longtext NOT NULL,
  `year` int(11) NOT NULL,
  `social_media` longtext NOT NULL,
  `flag` tinyint(1) NOT NULL,
  `created_at` datetime(6) NOT NULL,
  `modified_at` datetime(6) NOT NULL,
  PRIMARY KEY (`id`)
) ENGINE=InnoDB AUTO_INCREMENT=16 DEFAULT CHARSET=latin1;
/*!40101 SET character_set_client = @saved_cs_client */;

--
-- Dumping data for table `speakers_speaker`
--

LOCK TABLES `speakers_speaker` WRITE;
/*!40000 ALTER TABLE `speakers_speaker` DISABLE KEYS */;
INSERT INTO `speakers_speaker` VALUES (1,'Daniel Ramamoorthy','Startup Coach',NULL,'static/uploads/speakers/Daniel Ramamoorthy.jpg','eight@nitrr.ac.in','','An eclectic person who is a box of wonder, excelling the entrepreneurial domain: from being an entrepreneur and a motivational speaker, coaching others to being a world famous host and speaker!',2018,'https://www.linkedin.com/in/iamdanram/',1,'2019-07-26 12:33:41.945407','2019-07-26 13:13:41.690866'),(2,'Kumar Gaurav','Founder Cashaa',NULL,'static/uploads/speakers/Kumar Gaurav.jpg','nine@nitrr.ac.in','','Honored with an extraordinary status by the US government, holding a place in 100 influential people in the world of blockchain, Mr Kumar Gaurav, Founder of Cashaa has set the bar high and stood out of the crowd.',2018,'https://www.linkedin.com/in/kgauravitc',1,'2019-07-26 12:33:46.417348','2019-07-26 13:13:41.908903'),(3,'Nandini Vaidyanathan','CARMa CONNECT',NULL,'static/uploads/speakers/Nandini Vaidyanathan.jpg','ten@nitrr.ac.in','','An academician turned entrepreneurial mentor, founder of CARMa CONNECT, this visionary lady has created an eco-system to nourish the spirit of entrepreneurship.',2018,'https://www.linkedin.com/in/nandinivaidyanathan',1,'2019-07-26 12:33:49.340917','2019-07-26 13:13:42.036401'),(4,'Dr Gopichand Katragadda','Chief Technology Officer at Tata Sons',NULL,'static/uploads/speakers/Dr Gopichand Katragadda.jpg','eleven@nitrr.ac.in','','Dr Gopichand Katragadda is the group chief technology officer at Tata Sons. In this role, Dr Katragadda drives technology and innovation for the Tata group leveraging cross-company synergies. He also serves as a director on the boards of select Tata companies.',2018,'https://in.linkedin.com/in/gopichand-katragadda-2b1a0b7',1,'2019-07-26 12:33:51.485742','2019-07-26 13:13:42.175042'),(5,'Rishabh Dev','Managing Director at Mapplinks and Mapplinks Academy',NULL,'static/uploads/speakers/Rishabh Dev.jpg','four@nitrr.ac.in','','ES17 had Mr. Rishabh Dev  The Growth Hacking Bogeyman, a serial entrepreneur, presently the director of Mapplinks, India, who regularly enlightens enthusiasts with growth hacking and digital marketing. Not only growth hacking, but also many diverse fields intrigued him. His approach towards finding the optimal solutions for his clients is commendable.',2017,'https://www.linkedin.com/in/rishabhdev/',1,'2019-07-26 12:33:55.502522','2019-07-28 12:03:03.377122'),(6,'Abi Aryan','The London School of Economics and Political Science (LSE)',NULL,'static/uploads/speakers/Abi Aryan.jpg','three@nitrr.ac.in','','Ms. Abi, a perfect instance of beauty with brains, graduated from London School of Economics and Political Science and has a deep interest in AI and Blockchain. She has worked as a strategist with AI companies globally and is the founder of Delegano and Director at Women Who Code, Delhi. Having a great experience as TED speaker, Abi also worked on Augmented Reality and Bit coin / Block chain companies in U.K.',2017,'https://www.linkedin.com/in/abi-aryan-168131112/',1,'2019-07-26 12:33:59.629016','2019-07-28 12:03:21.460646'),(7,'Rahul Tyagi','Vice President - Training at Lucideus',NULL,'static/uploads/speakers/Rahul Tyagi.jpg','five@nitrr.ac.in','','Rahul being a perfect combination of intelligence and dedication, at present is the co- founder of Lucideus. Handling the toughest of the cyberspace issues with a magical ease is what makes Rahul stand out from the rest and also he speaks regularly at prestigious platforms like Exhibition India group, IPPAI, DCD convergence, Security Watch India, Micro Finance in Asia.  Recently, he has been honored with Fortune India\'s 40 under40 2018.',2017,'https://www.linkedin.com/in/iamrahultyagi/',1,'2019-07-26 12:34:01.717905','2019-07-28 12:03:31.342882'),(8,'Mr. Saransh Roy','Associate at Invest India',NULL,'static/uploads/speakers/Mr. Saransh Roy.jpg','saranshroy@gmail.com','','Mr. Roy is an associate at Invest India, Startup India Hub. Saransh being a versatile individual, addresses people on the need to empower the countrys economy by creating jobs rather than seeking one and the governmental policies guarding startup related agendas.  Apart from this, he has an expertise in dealing with Intellectual Property Rights, including issues like credit guarantee, tax exemption laws and others.',2017,'https://www.linkedin.com/in/saransh-roy-01b966a2/',1,'2019-07-26 12:34:03.458521','2019-07-28 12:03:41.889792'),(9,'Harjeet Khanduja','Vice President Human Resource at Reliance JIO Infocomm',NULL,'static/uploads/speakers/Harjeet Khanduja.jpg','three@nitrr.ac.in','','Currently, Mr. Harjeet is the Vice President Human Resources at Reliance Jio. He has smartly led various HR projects in India, Canada as well as U.S.A. for various market giants like Reliance, Tata, Piramal, just to name a few. With a vivacious personality, Harjeet has not only led HR, but also been a blogger, poet and an international speaker, addressing people on the practicalities of dealing with the pre and post startup essentials.  We at E-Summit 2017 witnessed this great, humorous and intellectual person.',2017,'https://www.linkedin.com/in/harjeetkhanduja/',1,'2019-07-26 12:34:08.219708','2019-07-28 12:04:01.641743'),(10,'Anil Joshi','Managing Partner, Unicorn India Ventures',NULL,'static/uploads/speakers/Anil Joshi.jpg','two@ecell.nitrr.ac.in','','Anil Joshi is the Managing Partner at Unicorn India Ventures, a SEBI approved venture fund under AIF-I Category. The man with his vision has helped in closing approximately 60 start-up deals with over INR 100 crs investments and has served on the Board of five companies and is involved with various incubation centers as a mentor in India and outside India.',2016,'https://www.linkedin.com/in/aniljoshi74/',1,'2019-07-26 12:34:11.297937','2019-07-28 12:04:24.522020'),(11,'Ravi Ranjan','NASSCOM 10000 Startups',NULL,'static/uploads/speakers/Ravi Ranjan.jpg','one@hello.com','','Ravi Ranjan is the head of Nasscom, 10000 startups, Kolkata. He is one of those Indians who has played an influential role in giving the ground to many startups. It is aimed at incubating, funding and supporting 10,000 technology start-ups in India over the next ten years. The person with an inventive bend for entrepreneurship is the person who has taken to himself to bring the best startups in Indian market.',2016,'https://www.linkedin.com/in/raviranjan2/',1,'2019-07-26 12:34:15.864983','2019-07-28 12:04:34.846124'),(12,'Aditi Chourasia','Co-Founder and CEO EngineerBabu',NULL,'static/uploads/speakers/Aditi Chourasia.jpg','hello@ebabu.com','','The lady with the spirit of a real entrepreneur has always aimed to scale new heights. The co-founder of Engineer Babu, she has always preached that startup doesnt mean money and there should be a good idea and passion to accomplish your task. She is a true inspiration and a symbol of women empowerment.',2016,'https://www.linkedin.com/in/aditichaurasia/',1,'2019-07-26 12:34:18.400453','2019-07-28 12:04:52.475250'),(13,'Anup Kalbalia','Tech Lead at Directi',NULL,'static/uploads/speakers/Anup Kalbalia.jpg','anup.kalbalia@gmail.com','','The tech geek with an experience of working in various programming languages like Delphi, C and Java, has built enterprise applications using different technologies like TCP sockets, HTTP, Restful Web Services etc. Being the Tech Lead at Directi, he has always visioned to create a pool of budding entrepreneurs who can make a difference to society.',2016,'https://www.linkedin.com/in/anupkalbalia/',1,'2019-07-26 12:34:21.943703','2019-07-28 12:05:00.687681'),(14,'Kumaran Brothers','AppGodimensions',NULL,'static/uploads/speakers/Kumaran Brothers.jpg','apps.godimensions@gmail.com','','Hailing from Chennai, two brothers Shravan Kumaran(12) and Sanjay Kumaran(10) went onto become the youngest Indian entrepreneurs as well as CEO of GoDimensions in 2012.\r\nBrothers have developed a number of mobile applications for android as well as iOS and aim that within a few years about 50% of the apps in the market should be owned by them. They also created VR based headsets called GoVR. The brothers were a part of E- Summit 2015 and since then, they are unstoppable.',2015,'https://twitter.com/AppGodimensions',1,'2019-07-26 12:34:25.974852','2019-07-28 12:05:25.248459'),(15,'Prateek Sethi','Communication Designer and Creative Director at Trip Creative Services',NULL,'static/uploads/speakers/Prateek Sethi.jpg','prateek@wearetrip.in','','Prateek has been the Communication Designer and Creative Director at Trip Creative Services, since 2009. Graduated from National Institute of Design, Ahmedabad, he has worked on animation and effects for various leading television channels and shows. He is a very creative person with an imaginative approach towards his projects and also is a talented speaker.',2015,'https://www.facebook.com/prateeksethi',1,'2019-07-26 12:34:28.636652','2019-07-28 12:05:40.586957');
/*!40000 ALTER TABLE `speakers_speaker` ENABLE KEYS */;
UNLOCK TABLES;

--
-- Table structure for table `sponsors_sponsor`
--

DROP TABLE IF EXISTS `sponsors_sponsor`;
/*!40101 SET @saved_cs_client     = @@character_set_client */;
/*!40101 SET character_set_client = utf8 */;
CREATE TABLE `sponsors_sponsor` (
  `id` int(11) NOT NULL AUTO_INCREMENT,
  `name` varchar(200) NOT NULL,
  `details` longtext,
  `pic` varchar(100) DEFAULT NULL,
  `contact` longtext,
  `website` varchar(200) DEFAULT NULL,
  `spons_type` varchar(3) NOT NULL,
  `flag` tinyint(1) NOT NULL,
  `year` int(11) NOT NULL,
  `created_at` datetime(6) NOT NULL,
  `modified_at` datetime(6) NOT NULL,
  `ecell_user_id` int(11) DEFAULT NULL,
  PRIMARY KEY (`id`),
  KEY `sponsors_sponsor_ecell_user_id_0adecc65_fk_users_customuser_id` (`ecell_user_id`),
  CONSTRAINT `sponsors_sponsor_ecell_user_id_0adecc65_fk_users_customuser_id` FOREIGN KEY (`ecell_user_id`) REFERENCES `users_customuser` (`id`)
) ENGINE=InnoDB AUTO_INCREMENT=1090 DEFAULT CHARSET=latin1;
/*!40101 SET character_set_client = @saved_cs_client */;

--
-- Dumping data for table `sponsors_sponsor`
--

LOCK TABLES `sponsors_sponsor` WRITE;
/*!40000 ALTER TABLE `sponsors_sponsor` DISABLE KEYS */;
INSERT INTO `sponsors_sponsor` VALUES (999,'Department of Women & Child Development','Gov Partner','static/uploads/sponsors/Department of Women & Child Development.jpeg','','http://www.wcd.nic.in/','ATS',1,2018,'2019-07-27 11:34:50.601413','2019-07-27 11:34:50.601460',NULL),(1000,'36Inc','Incubation partner','static/uploads/sponsors/36Inc.jpeg','','https://www.facebook.com/36inc/','ATS',1,2018,'2019-07-27 11:34:51.192425','2019-07-27 11:34:51.192482',NULL),(1003,'Bank Of Maharashtra','Bank Of Maharashtra is our Banking Partner','static/uploads/sponsors/Bank Of Maharashtra.jpeg','8827544244','https://www.bankofmaharashtra.in/','ATS',1,2017,'2019-07-27 11:34:52.861748','2019-07-27 11:34:52.861806',NULL),(1004,'Chhattisgarh Tourism','Tourism Partner','static/uploads/sponsors/Chhattisgarh Tourism.jpeg','','https://twitter.com/GoChhattisgarh?ref_src=twsrc%5Egoogle%7Ctwcamp%5Eserp%7Ctwgr%5Eauthor','ATS',1,2018,'2019-07-27 11:34:53.280599','2019-07-27 11:34:53.280655',NULL),(1005,'Think Raipur','In association with Think Raipur','static/uploads/sponsors/Think Raipur.jpeg','8827544244','https://dare2compete.com/o/think-raipur-raipur-smart-city-limited-25381','ATS',1,2017,'2019-07-27 11:34:53.638137','2019-07-27 11:34:53.638198',NULL),(1006,'36Inc','Incubation Partner','static/uploads/sponsors/36Inc.jpeg','9685164762','https://36inc.in/','ATS',1,2017,'2019-07-27 11:34:54.878335','2019-07-27 11:34:54.878393',NULL),(1007,'94.3 My FM','Our Radio Partner','static/uploads/sponsors/94.3 My FM.jpeg','81030 29146','http://myfmindia.com/','ATS',1,2017,'2019-07-27 11:34:55.441335','2019-07-27 11:34:55.441415',NULL),(1008,'OYO Rooms','Title Partner','static/uploads/sponsors/OYO Rooms.jpeg','','https://www.oyorooms.com/','ATS',1,2017,'2019-07-27 11:34:55.851819','2019-07-27 11:34:55.851881',NULL),(1009,'Veg Centre','Food Partner','static/uploads/sponsors/Veg Centre.jpeg','+91 77140 699','https://m.facebook.com/VegCentre/','ATS',1,2016,'2019-07-27 11:34:56.255916','2019-07-27 11:34:56.255974',NULL),(1010,'Infibeam.com','Associative Partner','static/uploads/sponsors/Infibeam.com.jpeg','','https://www.infibeam.com/','ATS',1,2015,'2019-07-27 11:34:56.818696','2019-07-27 11:34:56.818748',NULL),(1011,'The Music Cafe','Food Partner','static/uploads/sponsors/The Music Cafe.jpeg','91099 93102','https://m.facebook.com/TheMusicCafeRaipur/','ATS',1,2016,'2019-07-27 11:34:57.476991','2019-07-27 11:34:57.477050',NULL),(1012,'Resonance','Education Partner','static/uploads/sponsors/Resonance.jpeg','','https://www.resonance.ac.in/','ATS',1,2015,'2019-07-27 11:34:58.038145','2019-07-27 11:34:58.038200',NULL),(1013,'Saavn','Music Partner','static/uploads/sponsors/Saavn.jpeg','','https://www.jiosaavn.com/','ATS',1,2015,'2019-07-27 11:34:58.439718','2019-07-27 11:34:58.439798',NULL),(1014,'Meenakshi\'s Salon and Academy','Grooming Partner','static/uploads/sponsors/Meenakshi\'s Salon and Academy.jpeg','77140 04013','https://m.facebook.com/meenakshisalon/','ATS',1,2016,'2019-07-27 11:34:59.201056','2019-07-27 11:34:59.201125',NULL),(1015,'The College Fever','Event Booking Partner','static/uploads/sponsors/The College Fever.jpeg','7760686052','https://www.thecollegefever.com','ATS',1,2016,'2019-07-27 11:35:00.013692','2019-07-27 11:35:00.013758',NULL),(1016,'TRIPPY','Travel Partner','static/uploads/sponsors/TRIPPY.jpeg','','http://www.trippycar.com/','PLS',1,2018,'2019-07-27 11:35:00.619514','2019-07-27 11:35:00.619582',NULL),(1017,'Konsole Group','Digital Outreach Partner','static/uploads/sponsors/Konsole Group.jpeg','','http://www.konsolegroup.com/','PLS',1,2018,'2019-07-27 11:35:01.321460','2019-07-27 11:35:01.321501',NULL),(1018,'INH News','Electronic Media Partner','static/uploads/sponsors/INH News.jpeg','','https://www.facebook.com/inhnewsindia/','PLS',1,2018,'2019-07-27 11:35:02.058049','2019-07-27 11:35:02.058111',NULL),(1019,'Hotel Babylon International','Hospitality Partner','static/uploads/sponsors/Hotel Babylon International.jpeg','','http://hotelbabylon.in/','PLS',1,2018,'2019-07-27 11:35:03.017174','2019-07-27 11:35:03.017238',NULL),(1020,'Bisleri Fonzo','Beverage Partner','static/uploads/sponsors/Bisleri Fonzo.jpeg','','https://www.bisleri.com/product/fonzo','PLS',1,2018,'2019-07-27 11:35:03.495069','2019-07-27 11:35:03.495130',NULL),(1021,'CSPDCL','CSPDCL is our Platinum Sponsor','static/uploads/sponsors/CSPDCL.jpeg','8827544244','https://cspdcl.co.in/cseb/(S(ftnnym4waxjjv3qe24eafhdv))/frmHome.aspx','PLS',1,2017,'2019-07-27 11:35:04.053776','2019-07-27 11:35:04.053837',NULL),(1022,'Chhattisgarh Tourism','Chhattisgarh Tourism is our Platinum Sonsor','static/uploads/sponsors/Chhattisgarh Tourism.jpeg','077142 24600','http://visitcg.in/','PLS',1,2017,'2019-07-27 11:35:05.019947','2019-07-27 11:35:05.020007',NULL),(1023,'IBC 24','IBC24 is our Electronic Media Partner','static/uploads/sponsors/IBC 24.jpeg','077140 08700','http://www.ibc24.in','PLS',1,2017,'2019-07-27 11:35:05.908576','2019-07-27 11:35:05.908638',NULL),(1024,'ZONE','ZONE by the PARK hotels is our Platinum Sponsor','static/uploads/sponsors/ZONE.jpeg','077143 20000','http://www.zonebythepark.com','PLS',1,2017,'2019-07-27 11:35:06.240837','2019-07-27 11:35:06.240893',NULL),(1025,'T.I.M.E','Platinum Partner','static/uploads/sponsors/T.I.M.E.jpeg','','https://www.time4education.com/','PLS',1,2015,'2019-07-27 11:35:06.673867','2019-07-27 11:35:06.673928',NULL),(1026,'The Trophy House','Memento Partner','static/uploads/sponsors/The Trophy House.jpeg','','http://www.thetrophyhouse.in/','GDS',1,2018,'2019-07-27 11:35:07.921484','2019-07-27 11:35:07.921544',NULL),(1027,'WILLMAN','Stationary Partner','static/uploads/sponsors/WILLMAN.jpeg','','https://willman-paper-mart.business.site/','GDS',1,2018,'2019-07-27 11:35:08.388562','2019-07-27 11:35:08.388617',NULL),(1028,'Orange Le Spirit Cafe','Food Partner','static/uploads/sponsors/Orange Le Spirit Cafe.jpeg','','https://www.facebook.com/orangelespirit/','GDS',1,2018,'2019-07-27 11:35:09.105763','2019-07-27 11:35:09.105820',NULL),(1029,'CHIPS Chhattisgarh','CHIPS Chhattisgarh is our Gold Sponsor','static/uploads/sponsors/CHIPS Chhattisgarh.jpeg','(771) 4066205','http://www.chips.gov.in','GDS',1,2017,'2019-07-27 11:35:09.657236','2019-07-27 11:35:09.657297',NULL),(1030,'Avinash Group','Avinash Group is our Gold Sponsor','static/uploads/sponsors/Avinash Group.jpeg','077140 33425','http://www.avinashgroup.com','GDS',1,2017,'2019-07-27 11:35:10.679735','2019-07-27 11:35:10.679795',NULL),(1031,'Lalganga Colors Mall','Lalganga Colors Mall is our Gold Sponsor','static/uploads/sponsors/Lalganga Colors Mall.jpeg','077140 69999','http://www.lalgangabuilders.com/portal/portfolio/colors-mall','GDS',1,2017,'2019-07-27 11:35:11.822849','2019-07-27 11:35:11.822923',NULL),(1032,'TheHitavada','Print Media Partner','static/uploads/sponsors/TheHitavada.jpeg','','http://www.ehitavada.com/','GDS',1,2018,'2019-07-27 11:35:12.393795','2019-07-27 11:35:12.393873',NULL),(1033,'CSIDC','Industrial Partner','static/uploads/sponsors/CSIDC.jpeg','','https://csidc.in/home2/index.php/en/','GDS',1,2016,'2019-07-27 11:35:13.101441','2019-07-27 11:35:13.101503',NULL),(1034,'CHIPS','Technology Partner','static/uploads/sponsors/CHIPS.jpeg','771 4014158','http://www.chips.gov.in/','GDS',1,2016,'2019-07-27 11:35:13.605427','2019-07-27 11:35:13.605465',NULL),(1035,'Oyo Rooms','Hospitality Partner','static/uploads/sponsors/Oyo Rooms.jpeg','','https://www.oyorooms.com','GDS',1,2016,'2019-07-27 11:35:14.123218','2019-07-27 11:35:14.123273',NULL),(1036,'ATKT.IN','Event Publicity Partner','static/uploads/sponsors/ATKT.IN.jpeg','','https://www.facebook.com/ATKT.in/','TLS',1,2018,'2019-07-27 11:35:14.470535','2019-07-27 11:35:14.470591',NULL),(1037,'Vedam Spa & Salon','Spa & Salon Partner','static/uploads/sponsors/Vedam Spa & Salon.jpeg','','https://www.justdial.com/Raipur-Chhattisgarh/Vedam-Spa-Unisex-Salon-Beside-Jai-Jawan-Petrol-Pump-Raipur-HO/9999PX771-X771-180516161332-E3Y7_BZDET','TLS',1,2018,'2019-07-27 11:35:14.899486','2019-07-27 11:35:14.899549',NULL),(1038,'YourStory','Campus Publicity Partner','static/uploads/sponsors/YourStory.jpeg','','http://yourstory.com','TLS',1,2018,'2019-07-27 11:35:15.249623','2019-07-27 11:35:15.249681',NULL),(1039,'Nai Dunia','Print Media Partner','static/uploads/sponsors/Nai Dunia.jpeg','7314711000','https://naidunia.jagran.com/','TLS',1,2017,'2019-07-27 11:35:15.660244','2019-07-27 11:35:15.660307',NULL),(1040,'Dev Creator\'s of Memories','Photography Partner','static/uploads/sponsors/Dev Creator\'s of Memories.jpeg','','https://ecell.nitrr.ac.in/','TLS',1,2018,'2019-07-27 11:35:16.289519','2019-07-27 11:35:16.289576',NULL),(1041,'Hello Intern','Partner','static/uploads/sponsors/Hello Intern.jpeg','','https://www.hellointern.com/','TLS',1,2017,'2019-07-27 11:35:16.843370','2019-07-27 11:35:16.843432',NULL),(1042,'IndiaMart','Partner','static/uploads/sponsors/IndiaMart.jpeg','','https://www.indiamart.com/','TLS',1,2015,'2019-07-27 11:35:17.238011','2019-07-27 11:35:17.238067',NULL),(1043,'PT Education','Title Partner','static/uploads/sponsors/PT Education.jpeg','','https://ptraipur.com/','TLS',1,2015,'2019-07-27 11:35:17.643434','2019-07-27 11:35:17.643495',NULL),(1044,'Shopper\'s Stop','Title Partner','static/uploads/sponsors/Shopper\'s Stop.jpeg','','https://www.shoppersstop.com/','TLS',1,2015,'2019-07-27 11:35:18.003588','2019-07-27 11:35:18.003650',NULL),(1045,'Career Launcher','Career Partner','static/uploads/sponsors/Career Launcher.jpeg','','https://www.careerlauncher.com/','TLS',1,2015,'2019-07-27 11:35:18.372306','2019-07-27 11:35:18.372363',NULL),(1046,'Pagal Guy','Partner','static/uploads/sponsors/Pagal Guy.jpeg','','https://www.pagalguy.com/','TLS',1,2015,'2019-07-27 11:35:19.038470','2019-07-27 11:35:19.038532',NULL),(1047,'My FM 94.3','FM Partner','static/uploads/sponsors/My FM 94.3.jpeg','','http://myfmindia.com/','TLS',1,2016,'2019-07-27 11:35:19.475143','2019-07-27 11:35:19.475202',NULL),(1048,'Chhattisgarh Tourism','Tourism Partner','static/uploads/sponsors/Chhattisgarh Tourism.jpeg','771 4224600','http://visitcg.in/','TLS',1,2016,'2019-07-27 11:35:19.934232','2019-07-27 11:35:19.934289',NULL),(1049,'Venture Catalysts','Investment Partner','static/uploads/sponsors/Venture Catalysts.jpeg','','http://venturecatalysts.in/raipur/','PRS',1,2018,'2019-07-27 11:35:20.293939','2019-07-27 11:35:20.293996',NULL),(1050,'Zoodify','Communication Partner','static/uploads/sponsors/Zoodify.jpeg','','https://ecell.nitrr.ac.in/','PRS',1,2018,'2019-07-27 11:35:20.792355','2019-07-27 11:35:20.792413',NULL),(1051,'Sams Pizza','Sams Pizza is our Pizza Partner','static/uploads/sponsors/Sams Pizza.jpeg','077140 00053','https://www.samspizza.in','PRS',1,2017,'2019-07-27 11:35:21.558517','2019-07-27 11:35:21.558581',NULL),(1052,'Raipur Development Authority','RDA is our Event Partner','static/uploads/sponsors/Raipur Development Authority.jpeg','077730 99888','http://www.rdaraipur.com','PRS',1,2017,'2019-07-27 11:35:22.113187','2019-07-27 11:35:22.113227',NULL),(1053,'RiON','RiON is our Recreation Partner','static/uploads/sponsors/RiON.jpeg','081091 22345','https://www.facebook.com/profile.php?id=100009219539017','PRS',1,2017,'2019-07-27 11:35:22.574083','2019-07-27 11:35:22.574122',NULL),(1054,'Happily Unmarried','Happily Unmaried is our Merchandise Partner','static/uploads/sponsors/Happily Unmarried.jpeg','1800 3000 588','https://www.happilyunmarried.com','PRS',1,2017,'2019-07-27 11:35:23.017482','2019-07-27 11:35:23.017523',NULL),(1055,'Zebronics','Zebronics is our Multimedia Partner','static/uploads/sponsors/Zebronics.jpeg','081091 22345','https://zebronics.com','PRS',1,2017,'2019-07-27 11:35:24.597290','2019-07-27 11:35:24.597352',NULL),(1056,'Sky Ventures','Sky Ventures is our Travel Partner','static/uploads/sponsors/Sky Ventures.jpeg','8827544244','http://www.skyventure.in/','PRS',1,2017,'2019-07-27 11:35:24.988851','2019-07-27 11:35:24.988909',NULL),(1057,'Benchmark Group','Benchmark Group is our digital outreach partner.','static/uploads/sponsors/Benchmark Group.jpeg','081031 30039','http://benchmarksgroup.com/','PRS',1,2017,'2019-07-27 11:35:25.400715','2019-07-27 11:35:25.400753',NULL),(1058,'qM Print','qM Print is our Printing Partner','static/uploads/sponsors/qM Print.jpeg','077140 99444','http://www.qmprint.com/','PRS',1,2017,'2019-07-27 11:35:26.565294','2019-07-27 11:35:26.565352',NULL),(1059,'Shri Krishna IAS','Shri Krishna IAS is our coaching partner','static/uploads/sponsors/Shri Krishna IAS.jpeg','8827544244','http://shrikrishnaias.com/','PRS',1,2017,'2019-07-27 11:35:27.349636','2019-07-27 11:35:27.349678',NULL),(1060,'Souled Store','Souled Store is our Gift Partner','static/uploads/sponsors/Souled Store.jpeg','022 3965 3110','https://www.thesouledstore.com/','PRS',1,2017,'2019-07-27 11:35:27.724638','2019-07-27 11:35:27.724696',NULL),(1061,'Goose Burps','Goose Burps is our Cafe Partner','static/uploads/sponsors/Goose Burps.jpeg','9676996769','http://gooseburps.com/','PRS',1,2017,'2019-07-27 11:35:28.469793','2019-07-27 11:35:28.469834',NULL),(1062,'Samishu','Samishu is our food partner','static/uploads/sponsors/Samishu.jpeg','8827544244','https://www.justdial.com/raipur-chhattisgarh/Samishu-Jain-Thali-Services-Near-police-thana-Purani-Basti-Raipur/9999PX771-X771-170713214339-P5D5_BZDET?utm_source=adwords&utm_medium=codered&gclid=Cj0KCQ','PRS',1,2017,'2019-07-27 11:35:28.812861','2019-07-27 11:35:28.812899',NULL),(1063,'Lasting Impressions','Lasting Impressions is our Photography Partner','static/uploads/sponsors/Lasting Impressions.jpeg','077140 88110','https://www.justdial.com/Raipur-chhattisgarh/Impression-Graphix-We-Do-It-Best-Opposite-Khalsa-School-Pandri/9999PX771-X771-140119185038-N2J1_BZDET','PRS',1,2017,'2019-07-27 11:35:29.151514','2019-07-27 11:35:29.151570',NULL),(1064,'Vennington Court','Vennington Court is our Hospitality Partner','static/uploads/sponsors/Vennington Court.jpeg','9522220862','http://venningtoncourt.com/','PRS',1,2017,'2019-07-27 11:35:29.772548','2019-07-27 11:35:29.772586',NULL),(1065,'ATKT.IN','ATKT.IN is our online media partner','static/uploads/sponsors/ATKT.IN.jpeg','081091 22345','http://atkt.in/','PRS',1,2017,'2019-07-27 11:35:30.215692','2019-07-27 11:35:30.215749',NULL),(1066,'AB Classes','Event Partner','static/uploads/sponsors/AB Classes.jpeg','098317 40080','http://www.abclasses.co.in','PRS',1,2017,'2019-07-27 11:35:30.588863','2019-07-27 11:35:30.588917',NULL),(1067,'MOBILE10x','Technical Incubation Partner','static/uploads/sponsors/MOBILE10x.jpeg','','https://www.mobile10x.in/hub/mobile10x-raipur-hub','PRS',1,2018,'2019-07-27 11:35:31.067285','2019-07-27 11:35:31.067345',NULL),(1068,'HEADSTART','Ecosystem Partner','static/uploads/sponsors/HEADSTART.jpeg','','http://www.headstart.in/','PRS',1,2018,'2019-07-27 11:35:31.423996','2019-07-27 11:35:31.424052',NULL),(1069,'Seeta Travels','Travel Partner','static/uploads/sponsors/Seeta Travels.jpeg','','https://m.indiamart.com/seeta-tour-travels/aboutus.html','PRS',1,2016,'2019-07-27 11:35:31.837162','2019-07-27 11:35:31.837218',NULL),(1070,'The Trohpy House','The Trophy House is our Memento Partner','static/uploads/sponsors/The Trohpy House.jpeg','081091 22345','https://www.justdial.com/Raipur-chhattisgarh/The-Trophy-House-Oppo-Amantran-Mens-Parlour-Satti-Bazar-Sadar-Bazar/9999PX771-X771-130608021706-S2W3_BZDET','PRS',1,2017,'2019-07-27 11:35:32.182348','2019-07-27 11:35:32.182421',NULL),(1071,'Blooms And Grooms','Our Partner','static/uploads/sponsors/Blooms And Grooms.jpeg','9753953461','http://www.directoryworld.in/flower-shop-raipur/','PRS',1,2017,'2019-07-27 11:35:32.998023','2019-07-27 11:35:32.998080',NULL),(1072,'Sam\'s Kreations','Salon Partner','static/uploads/sponsors/Sam\'s Kreations.jpeg','097642 11228','https://www.justdial.com/Raipur-Chhattisgarh/Sams-Kreations-The-Unisex-Salon-And-Academy-Opposite-Shiv-Sena-Office-Behind-Pragati-College-Choubey-Colony/9999PX771-X771-150205193119-A9V1_BZDET','PRS',1,2017,'2019-07-27 11:35:35.248787','2019-07-27 11:35:35.248846',NULL),(1073,'Senov Tech','Partner','static/uploads/sponsors/Senov Tech.jpeg','070003 87001','https://www.justdial.com/Raipur-Chhattisgarh/Senov-Tech-Devendra-Nagar/9999PX771-X771-180910174138-K6X7_BZDET','PRS',1,2017,'2019-07-27 11:35:35.608401','2019-07-27 11:35:35.608456',NULL),(1074,'Your Story','Campus Publicity Partner','static/uploads/sponsors/Your Story.jpeg','','https://yourstory.com','PRS',1,2017,'2019-07-27 11:35:36.151299','2019-07-27 11:35:36.151358',NULL),(1075,'Appu Sweets','Food partner','static/uploads/sponsors/Appu Sweets.jpeg','','https://appu-sweets.business.site/','PRS',1,2015,'2019-07-27 11:35:36.653355','2019-07-27 11:35:36.653416',NULL),(1076,'Interview Street','Partner','static/uploads/sponsors/Interview Street.jpeg','','https://www.hackerrank.com/interviewstreet','PRS',1,2015,'2019-07-27 11:35:36.995175','2019-07-27 11:35:36.995232',NULL),(1077,'The Signage','R&D partner','static/uploads/sponsors/The Signage.jpeg','9835 19 3084','http://www.thesignage.co.in/','PRS',1,2016,'2019-07-27 11:35:37.657944','2019-07-27 11:35:37.658006',NULL),(1078,'Hotel Maurya','Hospitality Partner','static/uploads/sponsors/Hotel Maurya.jpeg','771 4200500','https://www.themayurahotels.com/','PRS',1,2016,'2019-07-27 11:35:37.975544','2019-07-27 11:35:37.975584',NULL),(1079,'Hotel Aditya','Hospitality Partner','static/uploads/sponsors/Hotel Aditya.jpeg','771-4032941','http://hoteladityaraipur.com/','PRS',1,2016,'2019-07-27 11:35:38.703886','2019-07-27 11:35:38.703942',NULL),(1080,'Celebration Group','Hospitality Partner','static/uploads/sponsors/Celebration Group.jpeg','9425203151','http://www.celebrationworld.in','PRS',1,2016,'2019-07-27 11:35:39.198818','2019-07-27 11:35:39.198877',NULL),(1081,'Hello Intern','Internship Partner','static/uploads/sponsors/Hello Intern.jpeg','40-49492040','https://www.hellointern.com/','PRS',1,2016,'2019-07-27 11:35:39.874804','2019-07-27 11:35:39.874863',NULL),(1082,'Eyedea','Advertising Partner','static/uploads/sponsors/Eyedea.jpeg','81203 10001','https://m.facebook.com/adevents10/','PRS',1,2016,'2019-07-27 11:35:40.781634','2019-07-27 11:35:40.781674',NULL),(1083,'Moshik\'s','Food Partner','static/uploads/sponsors/Moshik\'s.jpeg','8982712308','http://moshiks.in','PRS',1,2016,'2019-07-27 11:35:41.280838','2019-07-27 11:35:41.280896',NULL),(1084,'It\'s Me Cafe','Food Partner','static/uploads/sponsors/It\'s Me Cafe.jpeg','91099 93110','https://m.facebook.com/itsmecaferaipur/','PRS',1,2016,'2019-07-27 11:35:41.764390','2019-07-27 11:35:41.764439',NULL),(1085,'Your Story','Campus Publicity Partner','static/uploads/sponsors/Your Story.jpeg','','https://yourstory.com/','PRS',1,2016,'2019-07-27 11:35:42.253910','2019-07-27 11:35:42.253972',NULL),(1086,'IBC 24','Media Partner','static/uploads/sponsors/IBC 24.jpeg','771-4008700','https://www.ibc24.in/','PRS',1,2016,'2019-07-27 11:35:42.672321','2019-07-27 11:35:42.672381',NULL),(1087,'ACB India Limited','Energy Partner','static/uploads/sponsors/ACB India Limited.jpeg','0124-2719000','http://www.acbindia.com/','PRS',1,2016,'2019-07-27 11:35:43.227913','2019-07-27 11:35:43.227976',NULL),(1088,'Benchmark Group','Digital Marketing Partner','static/uploads/sponsors/Benchmark Group.jpeg','','http://benchmarksgroup.com/','PRS',1,2016,'2019-07-27 11:35:43.654155','2019-07-27 11:35:43.654198',NULL),(1089,'Dare 2 Compete','','static/uploads/sponsors/0.png','','https://dare2compete.com/','ATS',1,2018,'2019-07-28 05:34:51.660233','2019-07-28 05:37:49.656081',NULL);
/*!40000 ALTER TABLE `sponsors_sponsor` ENABLE KEYS */;
UNLOCK TABLES;

--
-- Table structure for table `startups_startup`
--

DROP TABLE IF EXISTS `startups_startup`;
/*!40101 SET @saved_cs_client     = @@character_set_client */;
/*!40101 SET character_set_client = utf8 */;
CREATE TABLE `startups_startup` (
  `id` int(11) NOT NULL AUTO_INCREMENT,
  `name` varchar(200) NOT NULL,
  `email` varchar(256) DEFAULT NULL,
  `pic` varchar(100) DEFAULT NULL,
  `contact` longtext,
  `url` varchar(200) NOT NULL,
  `founder` varchar(256) NOT NULL,
  `address` longtext,
  `flag` tinyint(1) NOT NULL,
  `details` longtext NOT NULL,
  `year` int(11) NOT NULL,
  `created_at` datetime(6) NOT NULL,
  `modified_at` datetime(6) NOT NULL,
  `ecell_user_id` int(11) DEFAULT NULL,
  PRIMARY KEY (`id`),
  UNIQUE KEY `name` (`name`),
  KEY `startups_startup_ecell_user_id_292a8049_fk_users_customuser_id` (`ecell_user_id`),
  CONSTRAINT `startups_startup_ecell_user_id_292a8049_fk_users_customuser_id` FOREIGN KEY (`ecell_user_id`) REFERENCES `users_customuser` (`id`)
) ENGINE=InnoDB AUTO_INCREMENT=6 DEFAULT CHARSET=latin1;
/*!40101 SET character_set_client = @saved_cs_client */;

--
-- Dumping data for table `startups_startup`
--

LOCK TABLES `startups_startup` WRITE;
/*!40000 ALTER TABLE `startups_startup` DISABLE KEYS */;
INSERT INTO `startups_startup` VALUES (1,'SmileBots',NULL,'static/uploads/startups/SmileBots.jpeg',NULL,'https://smilebots.com/','Smilebots',NULL,1,'<div id=\"output\" class=\"content markdown-body\"><p><strong>About Smilebots</strong>: We help Companies and Startups solve real problems using cutting-edge Technology.</p>\r\n\r\n<p><strong>Internships are available for the following domains:</strong></p>\r\n\r\n<ol><li>Data Science</li><li>Machine Learning</li><li>Artificial Intelligence</li><li>Blockchain</li></ol>\r\n\r\n<p><strong>Skills Required:</strong> Fluency in any coding language for above mentioned domains which may incluce python, ruby, solidity,javascript, Hadoop etc. Past experience and projects will play a crucial role.</p>\r\n\r\n<p><strong>Minimum Stipend:</strong> Performance based, upto max 10k/month</p>\r\n\r\n<p><strong>Starting Month:</strong> Immediately</p>\r\n\r\n<p><strong>Email:</strong> achal@smilebots.com</p>\r\n\r\n<p><strong>Mobile No:</strong> +91 93005 08989</p>\r\n\r\n<p><strong>Address:</strong> National Corporate Park, 210B, Great Eastern Rd, Raipur, Chhattisgarh 492001</p></div>',2018,'2019-07-26 13:18:44.033885','2019-07-26 13:18:44.033942',NULL),(2,'Polllzy',NULL,'static/uploads/startups/Polllzy.jpeg',NULL,'https://www.polllzy.com/','Polllzy',NULL,1,'<div id=\"output\" class=\"content markdown-body\"><p><strong>About Polllzy:</strong>\r\nWe are social media startup. </p>\r\n\r\n<p><strong>About Internship:</strong>\r\n3rd and 4th year students can apply.</p>\r\n\r\n<p><strong>Skills Required:</strong>\r\nWe are looking for coders who are good in javascript and python.</p>\r\n\r\n<p><strong>Minimum Stipend:</strong>\r\nNo stipend will provided.</p>\r\n\r\n<p><strong>Starting Month:</strong>\r\nDecember</p>\r\n\r\n<p><strong>Duration of internship:</strong>\r\n2 months (can be extended)</p>\r\n\r\n<p><strong>Email:</strong>\r\npolllzy.team@gmail.com</p>\r\n\r\n<p><strong>Mobile:</strong>\r\n9035028077</p></div>',2018,'2019-07-26 13:18:47.201601','2019-07-26 13:18:47.201659',NULL),(3,'Innolat Technologies pvt. Ltd.',NULL,'static/uploads/startups/Innolat Technologies pvt. Ltd..jpeg',NULL,'http://www.innolat.com/#/home','Innolat Technologies pvt. Ltd.',NULL,1,'<div id=\"output\" class=\"content markdown-body\"><p><strong>About Innolat:</strong></p>\r\n\r\n<p>Innolat is one of the fastest growing EduTech Startups incubated by 36Inc, Govt. of Chhattisgarh.</p>\r\n\r\n<p>Our\r\ntechnology product iLrnn (pronounced as iLearn) is Indias first personalized learning platform to connect\r\nengineering students directly with industry experts and corporate trainer LIVE.</p>\r\n\r\n<p><strong>About Internship:</strong>\r\nInternships are available for both Technical and Non-Technical.</p>\r\n\r\n<p><strong>Skills Required:</strong>\r\nPursuing Engineering / Fresher</p>\r\n\r\n<p><strong>Minimum Stipend:</strong>\r\nPerformance based.</p>\r\n\r\n<p><strong>Starting Month:</strong>\r\nAnytime</p>\r\n\r\n<p><strong>Duration of internship:</strong>\r\nVariable</p>\r\n\r\n<p><strong>Email:</strong>\r\nisha@innolat.com</p>\r\n\r\n<p><strong>Mobile:</strong>\r\n+91-8861516611</p>\r\n\r\n<p><strong>Address:</strong>\r\n412, Golden Trade Centre, New Rajendra Nagar, Raipur</p></div>',2018,'2019-07-26 13:18:50.581684','2019-07-26 13:18:50.581742',NULL),(4,'Lokus News',NULL,'static/uploads/startups/Lokus News.jpeg',NULL,'http://lokusnews.com/','Lokus News',NULL,1,'<div id=\"output\" class=\"content markdown-body\"><p><strong>Co Founder:</strong> \r\nPrakhar Lunawat</p>\r\n\r\n<p><strong>About Lokus News:</strong>\r\nWe are a news aggregation platform, focusing on regional news.</p>\r\n\r\n<p><strong>About Internship:</strong></p>\r\n\r\n<ol><li>Operations internship</li><li>Interns need to do a training for 10 days at our office at Station Road, Raipur</li><li>Later they can work from home</li></ol>\r\n\r\n<p><strong>Minimum Stipend:</strong>\r\nRs. 5000/month</p>\r\n\r\n<p><strong>Duration of internship:</strong>\r\nIntenships are available for a duration of 3 months.</p>\r\n\r\n<p><strong>Starting Month:</strong>\r\nNovember</p>\r\n\r\n<p><strong>Email:</strong>\r\nPrakhar@lokusnews.com</p>\r\n\r\n<p><strong>Mobile:</strong>\r\n9826123498</p></div>',2018,'2019-07-26 13:18:55.030254','2019-07-26 13:18:55.030286',NULL),(5,'eBeta',NULL,'static/uploads/startups/eBeta.jpeg',NULL,'http://ebeta.in/','eBeta',NULL,1,'<div id=\"output\" class=\"content markdown-body\"><p><strong>About eBeta:</strong>\r\nIts about leisure and health services to senior \r\ncitizens.</p>\r\n\r\n<p><strong>About Internship:</strong></p>\r\n\r\n<ol><li>Sense of Responsibility</li><li>Smart Communication Skills and Presentable. (Both Male &amp; Female)</li></ol>\r\n\r\n<p><strong>Skills Required:</strong>\r\nPatience in handling old age people</p>\r\n\r\n<p><strong>Minimum Stipend:</strong>\r\nRs. 2000/month</p>\r\n\r\n<p><strong>Starting Month:</strong>\r\nNovember</p>\r\n\r\n<p><strong>Email:</strong>\r\nPrakhar@lokusnews.com</p>\r\n\r\n<p><strong>Mobile:</strong>\r\n9522292122</p>\r\n\r\n<p><strong>Address:</strong>\r\neBeta House, B28, Amrapali Society, behind Colors Mall, Pachpedinaka, Raipur.</p></div>',2018,'2019-07-26 13:18:59.975071','2019-07-26 13:18:59.975129',NULL);
/*!40000 ALTER TABLE `startups_startup` ENABLE KEYS */;
UNLOCK TABLES;

--
-- Table structure for table `team_member`
--

DROP TABLE IF EXISTS `team_member`;
/*!40101 SET @saved_cs_client     = @@character_set_client */;
/*!40101 SET character_set_client = utf8 */;
CREATE TABLE `team_member` (
  `id` int(11) NOT NULL AUTO_INCREMENT,
  `name` varchar(100) NOT NULL,
  `profile_url` varchar(200) DEFAULT NULL,
  `image` varchar(100) DEFAULT NULL,
  `member_type` varchar(3) NOT NULL,
  `year` int(11) NOT NULL,
  PRIMARY KEY (`id`)
) ENGINE=InnoDB AUTO_INCREMENT=97 DEFAULT CHARSET=latin1;
/*!40101 SET character_set_client = @saved_cs_client */;

--
-- Dumping data for table `team_member`
--

LOCK TABLES `team_member` WRITE;
/*!40000 ALTER TABLE `team_member` DISABLE KEYS */;
INSERT INTO `team_member` VALUES (1,'Dr. R N Patel',NULL,'static/uploads/team/Dr_RN_Patel_ZOWFX4o.jpg','FCT',2018),(2,'Dr. Samir Bajpai',NULL,'static/uploads/team/Samir_Vajpayee_uMs2Lbb.JPG','HCD',2018),(3,'Dr. A M Rawani',NULL,'static/uploads/team/Dr_A_M_Rawani_0B2ZpDZ.jpg','DIR',2018),(4,'Aashish Kumar',NULL,'static/uploads/team/aashish.jpg','OCO',2018),(5,'Rohit Agarwal',NULL,'static/uploads/team/ID_CARD_PIC_-_Rohit_Agarwal.jpg','OCO',2018),(6,'Siddhanth Mahapatra',NULL,'static/uploads/team/siddanth_mahapatra.jpg','OCO',2018),(7,'Prateek Verma',NULL,'static/uploads/team/Screenshot_2018-01-11-07-27-33-1114344348_-_Prateek_Verma_reeLrZh.jpg','OCO',2018),(8,'Rashmi dewangan',NULL,'static/uploads/team/IMG_20180711_222304_190_-_Rashmi_Dewangan.jpg','HCO',2018),(9,'Vedant Rai',NULL,'static/uploads/team/Vedant_-_Vedant_Rai.jpg','HCO',2018),(10,'Anoop Tiwari',NULL,'static/uploads/team/IMG_1227_-_ANOOP_TIWARI.jpg','HCO',2018),(11,'Shivangi Tiwari',NULL,'static/uploads/team/20171120202821_IMG_7741_1_20180603013333314_-_Shivangi_Tiwari.jpg','HCO',2018),(12,'Yash Bonde',NULL,'static/uploads/team/yash_bonde.jpg','HCO',2018),(13,'Suyash Gupta',NULL,'static/uploads/team/suyash_gupta.jpg','HCO',2018),(14,'Iket Agrawal',NULL,'static/uploads/team/Iket_Agrawal.jpg','HCO',2018),(15,'D Rupesh Kumar',NULL,'static/uploads/team/D_Rupesh_kumar.jpg','HCO',2018),(16,'Prem Singh Shekhawat',NULL,'static/uploads/team/prem_singh_shekawat.jpg','HCO',2018),(17,'Saransh Mehta',NULL,'static/uploads/team/saransh_mehta.jpg','HCO',2018),(18,'Kavya Sharma',NULL,'static/uploads/team/kavyasharma.jpg','HCO',2018),(19,'Dimple Sharma',NULL,'static/uploads/team/dimplesharma.jpg','HCO',2018),(20,'Aditya Agrawal',NULL,'static/uploads/team/adityaagrawal.jpg','HCO',2018),(21,'Ankush Agrawal',NULL,'static/uploads/team/ankush_agrawal.jpg','HCO',2018),(22,'Himanshu Bunkar',NULL,'static/uploads/team/Himanshu_bunkar.jpg','HCO',2018),(23,'Bharat dadhich',NULL,'','MNG',2018),(24,'Aastha yadav',NULL,'','MNG',2018),(25,'Ankur gupta',NULL,'','MNG',2018),(26,'Deepesh Mitra',NULL,'','MNG',2018),(27,'Ashly Justin',NULL,'','MNG',2018),(28,'Devesh Sharma',NULL,'','MNG',2018),(29,'Kuldeep Pisda',NULL,'','MNG',2018),(30,'mohith prakash khatri',NULL,'','MNG',2018),(31,'Rajshree Gavel',NULL,'','MNG',2018),(32,'Samveg Thaker',NULL,'','MNG',2018),(33,'Shreyansh Sahare',NULL,'','MNG',2018),(34,'Siddharth Chandra',NULL,'','MNG',2018),(35,'Vrihas Pathak',NULL,'','MNG',2018),(36,'Aayush Shrivastav',NULL,'','MNG',2018),(37,'Akshat Verma',NULL,'','MNG',2018),(38,'Gaurav Patel',NULL,'','MNG',2018),(39,'Mohit Sarin',NULL,'','MNG',2018),(40,'Samiksha chhattani',NULL,'','MNG',2018),(41,'Aditya Vikram Dev',NULL,'','MNG',2018),(42,'chaitanya ashish mishra',NULL,'','MNG',2018),(43,'Pavan Gupta',NULL,'','MNG',2018),(44,'Prashant Kumar',NULL,'','MNG',2018),(45,'Prayansh Ratan Srivastava',NULL,'','MNG',2018),(46,'Snehal Buldeo',NULL,'','MNG',2018),(47,'Surbhi Rai',NULL,'','MNG',2018),(48,'Yash Krishan',NULL,'','MNG',2018),(49,'Yashwi Shah',NULL,'','MNG',2018),(50,'Ria',NULL,'','EXC',2018),(51,'Aashutosh Bansal',NULL,'','EXC',2018),(52,'Vaishnavi Sharma',NULL,'','EXC',2018),(53,'Shreya',NULL,'','EXC',2018),(54,'Shubham Jain',NULL,'','EXC',2018),(55,'Yashasvi Verma',NULL,'','EXC',2018),(56,'Aasish vuyyapu',NULL,'','EXC',2018),(57,'Kartikeya Sharma',NULL,'','EXC',2018),(58,'Sumit Chatterjee',NULL,'','EXC',2018),(59,'Aditya Kumar Sahu',NULL,'','EXC',2018),(60,'Manas Gupta',NULL,'','EXC',2018),(61,'Raunaq Purohit',NULL,'','EXC',2018),(62,'Aditya Singh',NULL,'','EXC',2018),(63,'Bhushan Thakre',NULL,'','EXC',2018),(64,'Dipanshu Daga',NULL,'','EXC',2018),(65,'Kuldeep Narayan Minj',NULL,'','EXC',2018),(66,'Milind Verma',NULL,'','EXC',2018),(67,'Naveen Sundar',NULL,'','EXC',2018),(68,'Nishu Chandravanshi',NULL,'','EXC',2018),(69,'Pratibha Shrivastav',NULL,'','EXC',2018),(70,'Rushikesh Pupale',NULL,'','EXC',2018),(71,'Sumit Badsara',NULL,'','EXC',2018),(72,'Jagannath Swain',NULL,'','EXC',2018),(73,'Rashmi Poya',NULL,'','EXC',2018),(74,'Rishabh Vishwakarma',NULL,'','EXC',2018),(75,'Soumya Banga',NULL,'','EXC',2018),(76,'Yash Bhojak',NULL,'','EXC',2018),(77,'Anjaney Jaiswal',NULL,'','EXC',2018),(78,'Anshul S',NULL,'','EXC',2018),(79,'Debanshu Mukherjee',NULL,'','EXC',2018),(80,'Muskan Budhia',NULL,'','EXC',2018),(81,'Saksham Agarwal',NULL,'','EXC',2018),(82,'Taniya Bisen',NULL,'','EXC',2018),(83,'Vishist Pandey',NULL,'','EXC',2018),(84,'Aayush Jain',NULL,'','EXC',2018),(85,'Aman Sethi',NULL,'','EXC',2018),(86,'Avishi Bansal',NULL,'','EXC',2018),(87,'Drishti Kalwani',NULL,'','EXC',2018),(88,'Nitesh Kumar',NULL,'','EXC',2018),(89,'Roma Vardiyani',NULL,'','EXC',2018),(90,'Shushriya Swarnkar',NULL,'','EXC',2018),(91,'Suyash Agrawal',NULL,'','EXC',2018),(92,'Prabhjot Kaur',NULL,'','EXC',2018),(93,'Pratik Tolambiya',NULL,'','EXC',2018),(94,'Aman Gupta',NULL,'','EXC',2018),(95,'Gaurav Singh',NULL,'','EXC',2018),(96,'Soumya Jaiswal',NULL,'','EXC',2018);
/*!40000 ALTER TABLE `team_member` ENABLE KEYS */;
UNLOCK TABLES;

--
-- Table structure for table `users_campusambassadorprofile`
--

DROP TABLE IF EXISTS `users_campusambassadorprofile`;
/*!40101 SET @saved_cs_client     = @@character_set_client */;
/*!40101 SET character_set_client = utf8 */;
CREATE TABLE `users_campusambassadorprofile` (
  `id` int(11) NOT NULL AUTO_INCREMENT,
  `college` varchar(128) NOT NULL,
  `fb_score` int(10) unsigned NOT NULL,
  `tw_score` int(10) unsigned NOT NULL,
  `li_score` int(10) unsigned NOT NULL,
  `wp_score` int(10) unsigned NOT NULL,
  `user_id` int(11) NOT NULL,
  PRIMARY KEY (`id`),
  UNIQUE KEY `user_id` (`user_id`),
  CONSTRAINT `users_campusambassad_user_id_5576f3be_fk_users_cus` FOREIGN KEY (`user_id`) REFERENCES `users_customuser` (`id`)
) ENGINE=InnoDB DEFAULT CHARSET=latin1;
/*!40101 SET character_set_client = @saved_cs_client */;

--
-- Dumping data for table `users_campusambassadorprofile`
--

LOCK TABLES `users_campusambassadorprofile` WRITE;
/*!40000 ALTER TABLE `users_campusambassadorprofile` DISABLE KEYS */;
/*!40000 ALTER TABLE `users_campusambassadorprofile` ENABLE KEYS */;
UNLOCK TABLES;

--
-- Table structure for table `users_customuser`
--

DROP TABLE IF EXISTS `users_customuser`;
/*!40101 SET @saved_cs_client     = @@character_set_client */;
/*!40101 SET character_set_client = utf8 */;
CREATE TABLE `users_customuser` (
  `id` int(11) NOT NULL AUTO_INCREMENT,
  `password` varchar(128) NOT NULL,
  `last_login` datetime(6) DEFAULT NULL,
  `is_superuser` tinyint(1) NOT NULL,
  `is_staff` tinyint(1) NOT NULL,
  `is_active` tinyint(1) NOT NULL,
  `date_joined` datetime(6) NOT NULL,
  `username` varchar(64) NOT NULL,
  `first_name` varchar(100) NOT NULL,
  `last_name` varchar(100) NOT NULL,
  `email` varchar(64) NOT NULL,
  `otp` varchar(4) DEFAULT NULL,
  `verified` tinyint(1) NOT NULL,
  `contact` varchar(10) NOT NULL,
  `bquiz_score` int(11) NOT NULL,
  `ca_score` int(11) NOT NULL,
  `ca_fb_score` int(11) NOT NULL,
  `ca_tw_score` int(11) NOT NULL,
  `ca_li_score` int(11) NOT NULL,
  `ca_wp_score` int(11) NOT NULL,
  `avatar` varchar(100) DEFAULT NULL,
  `applied` tinyint(1) NOT NULL,
  `user_type` varchar(3) NOT NULL,
  `linkedin` varchar(64) DEFAULT NULL,
  `facebook` varchar(64) DEFAULT NULL,
  `created_at` datetime(6) NOT NULL,
  `modified_at` datetime(6) NOT NULL,
  PRIMARY KEY (`id`),
  UNIQUE KEY `username` (`username`),
  UNIQUE KEY `email` (`email`)
) ENGINE=InnoDB AUTO_INCREMENT=21 DEFAULT CHARSET=latin1;
/*!40101 SET character_set_client = @saved_cs_client */;

--
-- Dumping data for table `users_customuser`
--

LOCK TABLES `users_customuser` WRITE;
/*!40000 ALTER TABLE `users_customuser` DISABLE KEYS */;
INSERT INTO `users_customuser` VALUES (1,'pbkdf2_sha256$150000$eYT3SrIkQL1Q$S+VI5QLexjjiKXd3XVqHsKSueTJMy/XsG2vQJuZcjSM=','2019-07-28 12:00:34.145640',1,1,1,'2019-07-26 12:14:41.338730','rushi@gmail.com','','','rushi@gmail.com','1443',0,'',0,0,0,0,0,0,'',0,'GST',NULL,NULL,'2019-07-28 07:59:40.320308','2019-07-26 12:14:41.403932'),(2,'pbkdf2_sha256$150000$soWxNLuZf6iQ$rlXFAsaBlRYN6WqJosCk1ZFCatcO5X71HEbYOwQIr1o=',NULL,0,0,1,'2019-07-27 11:50:41.879676','virenk2906@gmail.com','Viren','Khatri','virenk2906@gmail.com','9007',1,'8830216332',0,0,0,0,0,0,'',0,'GST',NULL,NULL,'2019-07-28 18:58:12.092453','2019-07-27 11:50:41.880177'),(3,'pbkdf2_sha256$150000$kTBX5gLjKD2w$oMaa+dxSibt6M+P309Yfurr8Ex8bI1qR5h7emFdrjGw=',NULL,0,0,1,'2019-07-27 12:29:16.158760','bhushanthakre4141@gmail.com','Bhushan','Thakre','bhushanthakre4141@gmail.com','5224',1,'9039146178',0,0,0,0,0,0,'',0,'GST',NULL,NULL,'2019-07-27 12:30:58.086907','2019-07-27 12:29:16.159475'),(4,'pbkdf2_sha256$150000$KDBsVaGpOIF3$Y00Sv1XlHraB7nkcjXBSjg0ARs+H+aALuh0BNBZZ1pk=',NULL,0,0,1,'2019-07-27 14:15:10.892191','rajatmishra9984@gmail.com','Rajat Kumar','Mishra','rajatmishra9984@gmail.com','9792',0,'6394740784',0,0,0,0,0,0,'',0,'GST',NULL,NULL,'2019-07-27 14:15:10.892614','2019-07-27 14:15:10.892636'),(5,'pbkdf2_sha256$150000$1nqkisUuSak1$mO8MDKJblS9CuT6y9iqNnugYNdp4Kjo3x4WW7esyeFs=',NULL,0,0,1,'2019-07-27 14:25:51.955483','krishnaagrawal1055@gmail.com','Krishna','Agrawal','krishnaagrawal1055@gmail.com','6127',0,'9479281301',0,0,0,0,0,0,'',0,'GST',NULL,NULL,'2019-07-27 14:25:51.956065','2019-07-27 14:25:51.956093'),(6,'pbkdf2_sha256$150000$Mlt6xZJjL52M$Pv2+QPBfwPIYol0KrMRamfBQtnXzo4tKy+7V36WRWlc=',NULL,0,0,1,'2019-07-27 15:02:11.137734','pnssopftwares7@gmail.com','Shubham','Maurya','pnssopftwares7@gmail.com','9947',0,'9055667606',0,0,0,0,0,0,'',0,'GST',NULL,NULL,'2019-07-27 15:02:11.138163','2019-07-27 15:02:11.138185'),(7,'pbkdf2_sha256$150000$Ynt6HoqBGVKW$ZeU0ro4FNesaZcCDd1OYZLjo23aQsvWy6qK7M8jigjI=',NULL,0,0,1,'2019-07-27 19:59:44.999036','sumit7engineer@gmail.com','Sumit','Badsara','sumit7engineer@gmail.com','9184',1,'9677213188',0,0,0,0,0,0,'',0,'GST',NULL,NULL,'2019-07-27 20:00:02.157865','2019-07-27 19:59:44.999757'),(8,'pbkdf2_sha256$150000$xJYUj03S105L$G1l2yU988q0UsmQ0zKjI0EZSkciP8lgbevmKysxKzJ8=',NULL,0,0,1,'2019-07-28 04:00:34.000000','naveen@gmail.com','naveen','sundar','naveen@gmail.com','5579',1,'8940073123',0,0,0,0,0,0,'',1,'CAB',NULL,NULL,'2019-07-29 05:13:02.508678','2019-07-28 04:00:34.344354'),(9,'pbkdf2_sha256$150000$1nDK9UtTDW4C$HaoNl1geYO02d53f8FHnwoo4EMR+x4Bo5LmVJ3skvDs=',NULL,0,0,1,'2019-07-28 04:04:16.958234','explorersunshine52000@gmail.com','Aditya','Pandewa','explorersunshine52000@gmail.com','7253',0,'7089831576',0,0,0,0,0,0,'',0,'GST',NULL,NULL,'2019-07-28 04:04:16.958677','2019-07-28 04:04:16.958794'),(10,'pbkdf2_sha256$150000$YQZeHbjzIIpM$R4Gja1aLbW8X7BWz+P18rNHSslET72+joGlJwfFf2wo=',NULL,0,0,1,'2019-07-28 07:14:59.923729','prag@gmail.com','Pratik','Chaudhary','prag@gmail.com','4356',1,'9662870703',0,0,0,0,0,0,'',0,'GST',NULL,NULL,'2019-07-28 07:44:41.629705','2019-07-28 07:14:59.924218'),(11,'pbkdf2_sha256$150000$gMoJlEytxWTv$DVUoHiJ0pv/iLA5q+W4OXYm3U8VGf2x5EZfbUopVrO0=',NULL,0,0,1,'2019-07-28 07:53:43.322038','pupalerushikesh@gmail.com','Rushi','Pupale','pupalerushikesh@gmail.com','6987',1,'8319766456',0,0,0,0,0,0,'',1,'GST',NULL,NULL,'2019-07-28 08:00:01.358712','2019-07-28 07:53:43.322483'),(12,'pbkdf2_sha256$150000$8bCc8YC9TJ8D$BpSG2pP26T1pJVlfnpj4/isTIPOK8FM9wYcnLT1Do18=',NULL,0,0,1,'2019-07-28 11:45:05.201955','harshkumarchoudhary144@gmail.com','Harsh','Choudhary','harshkumarchoudhary144@gmail.com','9198',1,'7999930798',0,0,0,0,0,0,'',0,'GST',NULL,NULL,'2019-07-28 11:45:45.519959','2019-07-28 11:45:05.202676'),(13,'pbkdf2_sha256$150000$B305CL5AbiLl$lG08m71UTkrs8WrHYhoQD31qhwyMcnz/CVMqlpKE6JY=',NULL,0,0,1,'2019-07-28 12:28:48.037326','test@gmail.com','test','one','test@gmail.com','7839',1,'8940073123',0,0,0,0,0,0,'',1,'GST',NULL,NULL,'2019-07-28 13:01:45.952828','2019-07-28 12:28:48.037992'),(14,'pbkdf2_sha256$150000$MZKmOICDDsQX$8Rl4r+y7op/oR2m9/AY+ZD4wFPqOa6RPASk65sLiitU=',NULL,0,0,1,'2019-07-28 13:03:52.185975','bro@gmail.com','bro','animal','bro@gmail.com','7984',1,'8940073123',0,0,0,0,0,0,'',1,'GST',NULL,NULL,'2019-07-28 13:05:48.183994','2019-07-28 13:03:52.186515'),(15,'pbkdf2_sha256$150000$ZNV9gcTIIhvB$EpTEGYVJeP0/AcoN4v6GWFmFOP2YOqUGSVqWDVQQ7dE=',NULL,0,0,1,'2019-07-28 13:06:24.731447','bri@gmail.com','bri','monster','bri@gmail.com','9907',1,'8940073123',0,0,0,0,0,0,'',1,'GST',NULL,NULL,'2019-07-28 13:07:04.715076','2019-07-28 13:06:24.731910'),(16,'pbkdf2_sha256$150000$bHRf8ZNlhzO6$EJJQAzdii38XE6s2HdIXzg494irwCDuPgPhGunAb7+Q=',NULL,0,0,1,'2019-07-29 05:16:15.023672','final@gmail.com','final','test','final@gmail.com','9222',1,'8940073123',0,0,0,0,0,0,'',1,'GST',NULL,NULL,'2019-07-29 05:16:39.648734','2019-07-29 05:16:15.024203'),(17,'pbkdf2_sha256$150000$o530L6gEgvsH$oKyj/7Mfrn3t8B2acn2xGD/pYnoABzrRtFhv7YgoheQ=',NULL,0,0,1,'2019-07-29 05:30:25.635111','onetest@gmail.com','one','test','onetest@gmail.com','5009',1,'8940073123',0,0,0,0,0,0,'',1,'GST',NULL,NULL,'2019-07-29 05:36:13.226678','2019-07-29 05:30:25.635900'),(18,'pbkdf2_sha256$150000$eWhDbnxsIZuo$KPta8KzqWArQ3vGbnHb0mxL1rmGvZPy9gJ2QimLS9Rg=',NULL,0,0,1,'2019-07-29 07:06:49.650758','ru@gmail.com','ru','pki','ru@gmail.com','5682',1,'8319766456',0,0,0,0,0,0,'',0,'GST',NULL,NULL,'2019-07-29 07:09:16.517089','2019-07-29 07:06:49.651549'),(19,'pbkdf2_sha256$150000$PAKXcEddPCTD$i6V9OIhSYs4GDLJv9vzlt+Pqlul38aeFk1b+tAej31Y=',NULL,0,0,1,'2019-07-29 07:11:20.986169','rushitester@gmail.com','tester','rushi','rushitester@gmail.com','6955',1,'8940073123',0,0,0,0,0,0,'',1,'GST',NULL,NULL,'2019-07-29 07:15:05.669715','2019-07-29 07:11:20.986744'),(20,'pbkdf2_sha256$150000$A9u1YnSotogr$h5hqyHlshFM4MtSFXWAFs4zaUDUeu+LhUkLtt1XuYNA=',NULL,0,0,1,'2019-07-29 07:16:07.115384','abcone@gmail.com','Abc','One','abcone@gmail.com','9548',1,'8940073123',0,0,0,0,0,0,'',1,'GST',NULL,NULL,'2019-07-29 07:16:45.489262','2019-07-29 07:16:07.115937');
/*!40000 ALTER TABLE `users_customuser` ENABLE KEYS */;
UNLOCK TABLES;

--
-- Table structure for table `users_customuser_groups`
--

DROP TABLE IF EXISTS `users_customuser_groups`;
/*!40101 SET @saved_cs_client     = @@character_set_client */;
/*!40101 SET character_set_client = utf8 */;
CREATE TABLE `users_customuser_groups` (
  `id` int(11) NOT NULL AUTO_INCREMENT,
  `customuser_id` int(11) NOT NULL,
  `group_id` int(11) NOT NULL,
  PRIMARY KEY (`id`),
  UNIQUE KEY `users_customuser_groups_customuser_id_group_id_76b619e3_uniq` (`customuser_id`,`group_id`),
  KEY `users_customuser_groups_group_id_01390b14_fk_auth_group_id` (`group_id`),
  CONSTRAINT `users_customuser_gro_customuser_id_958147bf_fk_users_cus` FOREIGN KEY (`customuser_id`) REFERENCES `users_customuser` (`id`),
  CONSTRAINT `users_customuser_groups_group_id_01390b14_fk_auth_group_id` FOREIGN KEY (`group_id`) REFERENCES `auth_group` (`id`)
) ENGINE=InnoDB DEFAULT CHARSET=latin1;
/*!40101 SET character_set_client = @saved_cs_client */;

--
-- Dumping data for table `users_customuser_groups`
--

LOCK TABLES `users_customuser_groups` WRITE;
/*!40000 ALTER TABLE `users_customuser_groups` DISABLE KEYS */;
/*!40000 ALTER TABLE `users_customuser_groups` ENABLE KEYS */;
UNLOCK TABLES;

--
-- Table structure for table `users_customuser_user_permissions`
--

DROP TABLE IF EXISTS `users_customuser_user_permissions`;
/*!40101 SET @saved_cs_client     = @@character_set_client */;
/*!40101 SET character_set_client = utf8 */;
CREATE TABLE `users_customuser_user_permissions` (
  `id` int(11) NOT NULL AUTO_INCREMENT,
  `customuser_id` int(11) NOT NULL,
  `permission_id` int(11) NOT NULL,
  PRIMARY KEY (`id`),
  UNIQUE KEY `users_customuser_user_pe_customuser_id_permission_7a7debf6_uniq` (`customuser_id`,`permission_id`),
  KEY `users_customuser_use_permission_id_baaa2f74_fk_auth_perm` (`permission_id`),
  CONSTRAINT `users_customuser_use_customuser_id_5771478b_fk_users_cus` FOREIGN KEY (`customuser_id`) REFERENCES `users_customuser` (`id`),
  CONSTRAINT `users_customuser_use_permission_id_baaa2f74_fk_auth_perm` FOREIGN KEY (`permission_id`) REFERENCES `auth_permission` (`id`)
) ENGINE=InnoDB DEFAULT CHARSET=latin1;
/*!40101 SET character_set_client = @saved_cs_client */;

--
-- Dumping data for table `users_customuser_user_permissions`
--

LOCK TABLES `users_customuser_user_permissions` WRITE;
/*!40000 ALTER TABLE `users_customuser_user_permissions` DISABLE KEYS */;
/*!40000 ALTER TABLE `users_customuser_user_permissions` ENABLE KEYS */;
UNLOCK TABLES;
/*!40103 SET TIME_ZONE=@OLD_TIME_ZONE */;

/*!40101 SET SQL_MODE=@OLD_SQL_MODE */;
/*!40014 SET FOREIGN_KEY_CHECKS=@OLD_FOREIGN_KEY_CHECKS */;
/*!40014 SET UNIQUE_CHECKS=@OLD_UNIQUE_CHECKS */;
/*!40101 SET CHARACTER_SET_CLIENT=@OLD_CHARACTER_SET_CLIENT */;
/*!40101 SET CHARACTER_SET_RESULTS=@OLD_CHARACTER_SET_RESULTS */;
/*!40101 SET COLLATION_CONNECTION=@OLD_COLLATION_CONNECTION */;
/*!40111 SET SQL_NOTES=@OLD_SQL_NOTES */;

-- Dump completed on 2019-07-29  7:59:59
